Security Wise Delivery Position - Compulsory Rolling Settlement
10,MTO,20032026,2294600616,0003197
Trade Date <20-MAR-2026>,Settlement Type <N>
Record Type,Sr No,Name of Security,Quantity Traded,Deliverable Quantity(gross across client level),% of Deliverable Quantity to Traded Quantity
20,1,0MOFSL26,N1,237,237,100.00
20,2,1003IIFL29,NC,19,19,100.00
20,3,1003ISFL28,N4,209,209,100.00
20,4,1003SCL30A,NV,122,100,81.97
20,5,1015ECL29,NR,69,69,100.00
20,6,1018GS2026,GS,6331,6331,100.00
20,7,1025IIFL30,Y3,140,140,100.00
20,8,1025SCL34,Z8,5,5,100.00
20,9,1025SCL35A,N1,6,6,100.00
20,10,1025UCL26A,N1,2,2,100.00
20,11,1040NFL26,NA,99,99,100.00
20,12,1040UCL27B,N1,96,96,100.00
20,13,1050ISFL28,N5,109,109,100.00
20,14,1050NFL26,N7,346,346,100.00
20,15,1050SCL31,ZP,1,1,100.00
20,16,1050UCL28,NH,307,307,100.00
20,17,105IIFL29,N7,90,90,100.00
20,18,1065NFL27,NC,60,60,100.00
20,19,1075WCA28,N0,13,13,100.00
20,20,10CAGL27,N5,166,166,100.00
20,21,10IIFL28,N4,244,244,100.00
20,22,10IIFL28A,NE,251,251,100.00
20,23,10IIFL29,N6,27,27,100.00
20,24,10ISFL26,N3,100,100,100.00
20,25,10NIDO26,N6,180,180,100.00
20,26,1102NFL26,N8,1,1,100.00
20,27,1119NFL27,ND,1,1,100.00
20,28,115VCCL27,N0,2,2,100.00
20,29,1225IFL27,N0,1,1,100.00
20,30,125VCCL31,N0,4,4,100.00
20,31,12AFIL27A,N0,1,1,100.00
20,32,12AFIL28,N0,11,11,100.00
20,33,12VCCL27A,N0,2,2,100.00
20,34,12VCCL27D,N0,2,2,100.00
20,35,182D030426,TB,200,200,100.00
20,36,182D260326,TB,76200,76200,100.00
20,37,20MICRONS,EQ,110174,46634,42.33
20,38,21STCENMGM,EQ,4264,4144,97.19
20,39,360ONE,EQ,413078,229421,55.54
20,40,364D020426,TB,200,200,100.00
20,41,364D020726,TB,3100,3100,100.00
20,42,364D081026,TB,4000,2000,50.00
20,43,364D170926,TB,100,100,100.00
20,44,364D180626,TB,2000,1000,50.00
20,45,364D240926,TB,300,200,66.67
20,46,3IINFOLTD,EQ,586093,436731,74.52
20,47,3MINDIA,EQ,4927,2482,50.38
20,48,3PLAND,EQ,665,411,61.80
20,49,591GS2028,GS,400000,0,0.00
20,50,5PAISA,EQ,63078,34765,55.11
20,51,601GS2030,GS,1500,1500,100.00
20,52,622GS2035,GS,1,1,100.00
20,53,633GS2035,GS,5500,5000,90.91
20,54,63MOONS,EQ,321539,195280,60.73
20,55,648GS2035,GS,173711,123900,71.33
20,56,654GS2032,GS,110100,110100,100.00
20,57,667GS2050,GS,521,521,100.00
20,58,668GS2040,GS,580,580,100.00
20,59,675GS2029,GS,400001,1,0.00
20,60,676GS2061,GS,52672,52000,98.72
20,61,679GS2027,GS,30000,30000,100.00
20,62,679GS2031,GS,812300,10900,1.34
20,63,68GS2060,GS,2000,2000,100.00
20,64,690GS2065,GS,28319,15809,55.82
20,65,692GS2039,GS,3192,3192,100.00
20,66,695GS2061,GS,79,79,100.00
20,67,697GR2034,GS,100,100,100.00
20,68,698GR2054,GS,1,1,100.00
20,69,699GS2026,GS,752,752,100.00
20,70,699GS2051,GS,14958,14958,100.00
20,71,702GS2031,GS,5900,5900,100.00
20,72,706GS2028,GS,4800,4800,100.00
20,73,706GS2046,GS,4662,4662,100.00
20,74,709GS2054,GS,5777,4780,82.74
20,75,709GS2074,GS,20642,15540,75.28
20,76,710GS2029,GS,2000,2000,100.00
20,77,716GS2050,GS,10000,10000,100.00
20,78,717GS2030,GS,40868,40868,100.00
20,79,718GS2033,GS,6000,6000,100.00
20,80,718GS2037,GS,538801,490501,91.04
20,81,71GS2034,GS,500,500,100.00
20,82,724GS2055,GS,25062,23772,94.85
20,83,725GS2063,GS,57249,52070,90.95
20,84,726GS2032,GS,474,474,100.00
20,85,726GS2033,GS,1986,1000,50.35
20,86,730PFCL41,NC,50,50,100.00
20,87,732GS2030,GS,3700,3200,86.49
20,88,733GS2026,GS,1689,1689,100.00
20,89,734GS2064,GS,51276,49376,96.29
20,90,734IRFC28,N4,2012,6,0.30
20,91,735NHAI31,N9,6,6,100.00
20,92,736GS2052,GS,6307,6304,99.95
20,93,737GR2054,GS,1,1,100.00
20,94,737GS2028,GS,5200,5200,100.00
20,95,738GS2027,GS,202911,198911,98.03
20,96,73GS2053,GS,1953,1953,100.00
20,97,741GS2036,GS,18250,18248,99.99
20,98,743GS2076,GS,102,102,100.00
20,99,746GS2073,GS,19453,17758,91.29
20,100,74GS2062,GS,7222,7221,99.99
20,101,751HUDCO28,N5,302,151,50.00
20,102,753IRFC30,NJ,125,125,100.00
20,103,754GS2036,GS,671237,651076,97.00
20,104,758GJ32,SG,100,100,100.00
20,105,762GJ28,SG,200,200,100.00
20,106,764HUDCO31,N8,5,4,80.00
20,107,764IRFC31,NO,2695,2695,100.00
20,108,764NABAR31,N2,1828,1055,57.71
20,109,769NHAI31,NE,3045,2151,70.64
20,110,76NHAI31,NA,3079,3027,98.31
20,111,772GS2055,GS,885,756,85.42
20,112,79NHIT35,N1,725,594,81.93
20,113,79NHIT47,N3,198,99,50.00
20,114,7PFCL31,N3,10,10,100.00
20,115,805NMC31,N3,10,10,100.00
20,116,805NMC35,N7,3,3,100.00
20,117,805NMC36,N8,4,4,100.00
20,118,810IRFC27,N2,3118,520,16.68
20,119,812REC27,NI,4245,4245,100.00
20,120,813GS2045,GS,2,2,100.00
20,121,817GS2044,GS,248,248,100.00
20,122,81TCHF28,N8,200,100,50.00
20,123,820IIFL27,N9,107,107,100.00
20,124,824GS2027,GS,2025,2025,100.00
20,125,826GS2027,GS,982,982,100.00
20,126,82HUDCO27,N2,875,875,100.00
20,127,82IGT31,NJ,1000,1000,100.00
20,128,830CIFC26,N2,100,100,100.00
20,129,830NHAI27,N2,1244,635,51.05
20,130,830PFCL27,N5,200,200,100.00
20,131,833GS2026,GS,2003,2000,99.85
20,132,837IIFL28,Y4,260,260,100.00
20,133,842IIFL26,NL,510,510,100.00
20,134,848AEL29,NJ,2,2,100.00
20,135,850NHAI29,N5,60,20,33.33
20,136,855IREDA29,N2,24,24,100.00
20,137,860AEL28,NH,13,13,100.00
20,138,862AEL31,NM,60,60,100.00
20,139,863IRFC29,NC,200,200,100.00
20,140,865IIFL28,NS,1308,688,52.60
20,141,865IRFC29,NA,641,591,92.20
20,142,865LTF26,NN,300,300,100.00
20,143,865SCL26,N8,1,1,100.00
20,144,865TCAPS27,N8,80,80,100.00
20,145,871REC28,N9,2126,1480,69.61
20,146,872MMFSL26,N1,55,55,100.00
20,147,875NHAI29,N6,8505,7153,84.10
20,148,876HUDCO28,ND,210,210,100.00
20,149,87LTF27,NH,37,37,100.00
20,150,880IREDA29,N5,205,200,97.56
20,151,880IREDA34,N6,10,10,100.00
20,152,885MOFSL26,N0,3,3,100.00
20,153,885SCL26,N9,33,33,100.00
20,154,885TCAPS29,NC,200,200,100.00
20,155,888IRFC29,NE,310,305,98.39
20,156,888REC29,NF,7,7,100.00
20,157,889SCFL27,YC,10,10,100.00
20,158,889SCL27,YT,12,12,100.00
20,159,890AEL31,NN,421,325,77.20
20,160,891IIFCL34,N4,308,308,100.00
20,161,891NTPC33,N6,3975,2292,57.66
20,162,892PFCL33,N8,165,165,100.00
20,163,893NHB29,N6,70,70,100.00
20,164,897MOFSL29,N4,6,6,100.00
20,165,898LTF29,N7,1,1,100.00
20,166,8SMC29,N1,115,72,62.61
20,167,901HUDCO34,NE,4055,3500,86.31
20,168,901NHB34,N6,123,121,98.37
20,169,902SCL27A,ZI,188,100,53.19
20,170,902SCL27Q,N1,20,20,100.00
20,171,903SFL28,YI,27,23,85.19
20,172,915AEL28,NC,1,1,100.00
20,173,915APSBC27,N0,10,10,100.00
20,174,915APSBC31,N0,1,1,100.00
20,175,915SCL26,NE,1163,1163,100.00
20,176,91D040626,TB,1500,1500,100.00
20,177,91D090426,TB,302000,301900,99.97
20,178,91D110626,TB,4000,4000,100.00
20,179,91D140526,TB,1400,1400,100.00
20,180,91D170426,TB,400,400,100.00
20,181,91D220526,TB,700,700,100.00
20,182,91D230426,TB,100,100,100.00
20,183,91D270326,TB,100,100,100.00
20,184,925ECL28,N2,64,64,100.00
20,185,925ISF28,N0,12,12,100.00
20,186,925SCL30,NF,63,63,100.00
20,187,92GS2030,GS,43811,43800,99.97
20,188,930AEL30,NF,30,30,100.00
20,189,930APMD28,N0,2,2,100.00
20,190,935TSI29,N0,1,1,100.00
20,191,935TSIIC28,N0,1,1,100.00
20,192,93MOFSL34,N6,16,16,100.00
20,193,943ECL28,NJ,140,140,100.00
20,194,948SCL26,N9,100,50,50.00
20,195,950ISF27C,N0,43,30,69.77
20,196,956AEL29,N6,7,7,100.00
20,197,957ICCL25,YW,175,100,57.14
20,198,957IIFLS27,NA,51,51,100.00
20,199,965SCL25C,N0,25,25,100.00
20,200,965SCL28,AK,1000,1000,100.00
20,201,96IIFL28,N5,491,478,97.35
20,202,96IIFL28A,NF,3739,3190,85.32
20,203,96SFIL24A,NB,12,12,100.00
20,204,970CAGL28,ND,115,115,100.00
20,205,971SCL28A,NT,1,1,100.00
20,206,971SCL29,Z0,1,1,100.00
20,207,971SCL30A,N1,100,100,100.00
20,208,97MOFSL34,N7,100,100,100.00
20,209,97SFL28,YS,20,20,100.00
20,210,97SFL29,YZ,225,225,100.00
20,211,985ECL28,NK,30,30,100.00
20,212,99AEL29,N7,12,12,100.00
20,213,9AEL30,NE,652,500,76.69
20,214,9IIFL28A,NT,100,100,100.00
20,215,9IIFL31,Y9,167,166,99.40
20,216,9MMFSML,N2,1107,1104,99.73
20,217,9PCHFL31A,NA,380,300,78.95
20,218,AAATECH,EQ,15859,7810,49.25
20,219,AADHARHFC,EQ,337678,162307,48.07
20,220,AAKAAR,ST,11200,11200,100.00
20,221,AARADHYA,SM,6000,0,0.00
20,222,AAREYDRUGS,EQ,38633,21645,56.03
20,223,AARNAV,EQ,190160,60153,31.63
20,224,AARON,EQ,5900,3826,64.85
20,225,AARTECH,EQ,63037,37912,60.14
20,226,AARTIDRUGS,EQ,100847,43532,43.17
20,227,AARTIIND,EQ,1189269,631447,53.10
20,228,AARTIPHARM,EQ,164744,95265,57.83
20,229,AARTISURF,EQ,15368,7053,45.89
20,230,AARTISURF,P1,1,1,100.00
20,231,AARVI,EQ,22067,14515,65.78
20,232,AATMAJ,SM,18000,14000,77.78
20,233,AAVAS,EQ,181266,106369,58.68
20,234,ABB,EQ,274862,105071,38.23
20,235,ABBOTINDIA,EQ,5188,2258,43.52
20,236,ABCAPITAL,EQ,3909838,1707165,43.66
20,237,ABCL26,N3,4,4,100.00
20,238,ABCOTS,EQ,41839,20563,49.15
20,239,ABDL,EQ,359806,224133,62.29
20,240,ABFRL,EQ,32781127,4959695,15.13
20,241,ABGSEC,EQ,1146,1131,98.69
20,242,ABHAPOWER,SM,3200,3200,100.00
20,243,ABINFRA,EQ,3771482,3509366,93.05
20,244,ABLBL,EQ,3126943,1999411,63.94
20,245,ABREL,EQ,212529,107018,50.35
20,246,ABSL10BANK,EQ,828,790,95.41
20,247,ABSLAMC,EQ,157330,70705,44.94
20,248,ABSLBANETF,EQ,138073,45636,33.05
20,249,ABSLLIQUID,EQ,8310,5628,67.73
20,250,ABSLMSCIN,EQ,377,376,99.73
20,251,ABSLNN50ET,EQ,5308,3466,65.30
20,252,ABSLPSE,EQ,100794,55178,54.74
20,253,ABSMARINE,SM,52000,35000,67.31
20,254,ACC,EQ,380815,219116,57.54
20,255,ACCELYA,EQ,7432,4278,57.56
20,256,ACCENTMIC,SM,60500,44500,73.55
20,257,ACCORD,SM,4000,4000,100.00
20,258,ACCPL,SM,25200,19200,76.19
20,259,ACCURACY,EQ,187202,96821,51.72
20,260,ACE,EQ,194400,87388,44.95
20,261,ACEINTEG,EQ,13035,10307,79.07
20,262,ACETEC,ST,1650000,1648800,99.93
20,263,ACI,EQ,237171,103254,43.54
20,264,ACL,EQ,18893,15240,80.66
20,265,ACMESOLAR,EQ,2197261,525704,23.93
20,266,ACUTAAS,EQ,658530,256730,38.99
20,267,ADANIENSOL,EQ,1871563,953380,50.94
20,268,ADANIENT,EQ,1175662,373236,31.75
20,269,ADANIGREEN,EQ,1990204,544335,27.35
20,270,ADANIPORTS,EQ,4213342,2860627,67.89
20,271,ADANIPOWER,EQ,44265976,17326123,39.14
20,272,ADDICTIVE,SM,79000,76000,96.20
20,273,ADFFOODS,EQ,132734,73508,55.38
20,274,ADL,EQ,1067,791,74.13
20,275,ADOR,EQ,15877,10443,65.77
20,276,ADROITINFO,EQ,30579,18092,59.16
20,277,ADSL,EQ,157894,61288,38.82
20,278,ADVAIT,EQ,35405,14985,42.32
20,279,ADVANCE,EQ,119169,66664,55.94
20,280,ADVANIHOTR,EQ,18271,13576,74.30
20,281,ADVENTHTL,EQ,107122,54920,51.27
20,282,ADVENZYMES,EQ,121612,72366,59.51
20,283,AEGISLOG,EQ,446433,188927,42.32
20,284,AEGISVOPAK,EQ,352156,134144,38.09
20,285,AEL12126,NI,10,8,80.00
20,286,AEPL,EQ,80388,70038,87.12
20,287,AEQUS,EQ,506681,243746,48.11
20,288,AEROENTER,EQ,310467,133132,42.88
20,289,AEROFLEX,EQ,879693,235744,26.80
20,290,AERON,SM,14000,8000,57.14
20,291,AERONEU,EQ,32271,6536,20.25
20,292,AESTHETIK,SM,29000,29000,100.00
20,293,AETHER,EQ,1469947,441397,30.03
20,294,AFCONS,EQ,437746,287051,65.57
20,295,AFFLE,EQ,642032,416517,64.87
20,296,AFFORDABLE,EQ,45016,27219,60.47
20,297,AFSL,EQ,33480,28766,85.92
20,298,AGARIND,EQ,72337,49721,68.74
20,299,AGARWALEYE,EQ,87632,45240,51.62
20,300,AGARWALFT,SM,1500,1500,100.00
20,301,AGARWALTUF,SM,40800,34800,85.29
20,302,AGI,EQ,104175,58953,56.59
20,303,AGIIL,EQ,6070850,1639435,27.01
20,304,AGNI,SM,17500,12500,71.43
20,305,AGROPHOS,EQ,10748,5699,53.02
20,306,AHCL,EQ,381251,171483,44.98
20,307,AHLADA,EQ,6080,4690,77.14
20,308,AHLEAST,EQ,4739,3586,75.67
20,309,AHLUCONT,EQ,86808,41365,47.65
20,310,AIAENG,EQ,163807,93405,57.02
20,311,AIIL,EQ,538874,143350,26.60
20,312,AIMTRON,SM,27400,17400,63.50
20,313,AIRAN,EQ,46708,33047,70.75
20,314,AIROLAM,EQ,95,54,56.84
20,315,AISL,SM,3600,3000,83.33
20,316,AJANTPHARM,EQ,111373,55235,49.59
20,317,AJAXENGG,EQ,58122,31291,53.84
20,318,AJMERA,EQ,1190435,769906,64.67
20,319,AJOONI,EQ,764183,512572,67.07
20,320,AKANKSHA,SM,8000,8000,100.00
20,321,AKASH,EQ,38095,33815,88.76
20,322,AKG,EQ,16995,16839,99.08
20,323,AKI,EQ,192039,158427,82.50
20,324,AKIKO,ST,1600,1600,100.00
20,325,AKSHAR,EQ,1265198,934538,73.86
20,326,AKSHARCHEM,EQ,4133,3491,84.47
20,327,AKSHOPTFBR,EQ,223563,166531,74.49
20,328,AKUMS,EQ,124290,53343,42.92
20,329,AKZOINDIA,EQ,140991,98075,69.56
20,330,ALANKIT,EQ,455454,281741,61.86
20,331,ALBERTDAVD,EQ,3602,2271,63.05
20,332,ALCODIS,SM,9375,9375,100.00
20,333,ALEMBICLTD,EQ,130101,78536,60.37
20,334,ALGOQUANT,EQ,1036392,228603,22.06
20,335,ALICON,EQ,8712,4327,49.67
20,336,ALIVUS,EQ,53941,28470,52.78
20,337,ALKALI,EQ,8634,4924,57.03
20,338,ALKEM,EQ,325586,217535,66.81
20,339,ALKYLAMINE,EQ,67638,39525,58.44
20,340,ALLCARGO,EQ,9805377,6811872,69.47
20,341,ALLDIGI,EQ,7569,4060,53.64
20,342,ALLETEC,SM,21600,16400,75.93
20,343,ALLTIME,EQ,277942,140834,50.67
20,344,ALMONDZ,EQ,645048,609616,94.51
20,345,ALOKINDS,EQ,3407027,1661487,48.77
20,346,ALPA,EQ,23732,19856,83.67
20,347,ALPEXSOLAR,SM,69900,33400,47.78
20,348,ALPHA,EQ,2299136,1208156,52.55
20,349,ALPHAETF,EQ,834463,550642,65.99
20,350,ALPHAGEO,EQ,12497,7394,59.17
20,351,ALPL30IETF,EQ,3890181,2436030,62.62
20,352,ALUWIND,SM,3000,3000,100.00
20,353,AMAGI,EQ,196435,154127,78.46
20,354,AMANTA,EQ,81970,64060,78.15
20,355,AMBER,EQ,171132,51305,29.98
20,356,AMBEY,SM,58000,22000,37.93
20,357,AMBICAAGAR,EQ,2261,1987,87.88
20,358,AMBIKCO,EQ,3806,2262,59.43
20,359,AMBUJACEM,EQ,2282335,1348595,59.09
20,360,AMCL,ST,4000,4000,100.00
20,361,AMDIND,EQ,18619,12803,68.76
20,362,AMEYA,SM,9000,8000,88.89
20,363,AMJLAND,EQ,5381,3623,67.33
20,364,AMNPLST,EQ,11026,7242,65.68
20,365,AMRUTANJAN,EQ,52153,40314,77.30
20,366,ANANDRATHI,EQ,339136,153881,45.37
20,367,ANANTAM,IV,18079,17237,95.34
20,368,ANANTRAJ,EQ,2239014,814437,36.37
20,369,ANDHRAPAP,EQ,1101410,1063020,96.51
20,370,ANDHRSUGAR,EQ,434516,130228,29.97
20,371,ANGELONE,EQ,6007983,1540569,25.64
20,372,ANIKINDS,EQ,20330,10693,52.60
20,373,ANLON,SM,400,400,100.00
20,374,ANMOL,EQ,28347,21292,75.11
20,375,ANNAPURNA,SM,119750,117750,98.33
20,376,ANONDITA,SM,18000,9000,50.00
20,377,ANTELOPUS,EQ,147068,54612,37.13
20,378,ANTGRAPHIC,EQ,344323,262477,76.23
20,379,ANTHEM,EQ,180878,86766,47.97
20,380,ANUHPHR,EQ,38931,23829,61.21
20,381,ANUP,EQ,36828,16713,45.38
20,382,ANURAS,EQ,180870,139858,77.33
20,383,ANYA,SM,110000,85000,77.27
20,384,ANZEN,IV,25000,25000,100.00
20,385,AONEGOLD,EQ,825201,368226,44.62
20,386,AONELIQUID,EQ,6693,5039,75.29
20,387,AONENIFTY,EQ,659117,497439,75.47
20,388,AONESILVER,EQ,766610,445434,58.10
20,389,AONETMMQ50,EQ,151140,123592,81.77
20,390,AONETOTAL,EQ,970205,152262,15.69
20,391,APARINDS,EQ,80462,29276,36.38
20,392,APCL,EQ,4973,2550,51.28
20,393,APCOTEXIND,EQ,28695,18875,65.78
20,394,APEX,EQ,1253436,189022,15.08
20,395,APEXECO,SM,2400,2400,100.00
20,396,APLAPOLLO,EQ,620833,397701,64.06
20,397,APLLTD,EQ,70386,31286,44.45
20,398,APOLLO,EQ,4079398,990852,24.29
20,399,APOLLOHOSP,EQ,696455,398399,57.20
20,400,APOLLOPIPE,EQ,540446,81484,15.08
20,401,APOLLOTYRE,EQ,635724,276161,43.44
20,402,APOLSINHOT,EQ,845,518,61.30
20,403,APRAMEYA,SM,7000,5500,78.57
20,404,APS,SM,24000,17000,70.83
20,405,APSISAERO,ST,220800,212400,96.20
20,406,APTECHT,EQ,139318,73679,52.89
20,407,APTUS,EQ,1727841,1075407,62.24
20,408,AQYLON,EQ,24543,24543,100.00
20,409,ARCHIDPLY,EQ,87372,79820,91.36
20,410,ARCHIES,EQ,50353,30432,60.44
20,411,ARCIIL,SM,5000,5000,100.00
20,412,ARE&M,EQ,394762,263881,66.85
20,413,ARENTERP,EQ,1133,604,53.31
20,414,ARFIN,EQ,801759,128357,16.01
20,415,ARHAM,SM,8000,4000,50.00
20,416,ARIES,EQ,21824,12448,57.04
20,417,ARIHANTACA,SM,1200,1200,100.00
20,418,ARIHANTCAP,EQ,174740,93142,53.30
20,419,ARIHANTSUP,EQ,127319,121502,95.43
20,420,ARIS,EQ,1185715,204109,17.21
20,421,ARKADE,EQ,296358,170525,57.54
20,422,ARMANFIN,EQ,52835,28552,54.04
20,423,ARMOUR,SM,24000,18000,75.00
20,424,AROGRANITE,EQ,36676,26507,72.27
20,425,ARROWGREEN,EQ,35585,18981,53.34
20,426,ARSSBL,EQ,277203,151291,54.58
20,427,ARTEMISMED,EQ,53020,30361,57.26
20,428,ARTNIRMAN,EQ,972,880,90.53
20,429,ARUNAYA,SM,114000,112000,98.25
20,430,ARVIND,EQ,173414,78082,45.03
20,431,ARVINDFASN,EQ,188494,81640,43.31
20,432,ARVINDPORT,SM,16500,16500,100.00
20,433,ARVSMART,EQ,46983,21291,45.32
20,434,ASAHIINDIA,EQ,349611,99163,28.36
20,435,ASAHISONG,EQ,26271,14003,53.30
20,436,ASAL,EQ,11562,6423,55.55
20,437,ASALCBR,EQ,35671,14843,41.61
20,438,ASHALOG,SM,19000,12000,63.16
20,439,ASHAPURMIN,EQ,731446,317337,43.38
20,440,ASHIANA,EQ,33664,21020,62.44
20,441,ASHIMASYN,EQ,305568,202897,66.40
20,442,ASHOKA,EQ,1235014,608816,49.30
20,443,ASHOKAMET,EQ,9058,6101,67.35
20,444,ASHOKLEY,EQ,38794799,23315250,60.10
20,445,ASHWINI,SM,165000,116000,70.30
20,446,ASIANENE,EQ,76361,51310,67.19
20,447,ASIANHOTNR,EQ,2670,2019,75.62
20,448,ASIANPAINT,EQ,875920,549243,62.70
20,449,ASIANTILES,EQ,3717904,1337628,35.98
20,450,ASKAUTOLTD,EQ,93035,45658,49.08
20,451,ASMS,EQ,2870603,1208559,42.10
20,452,ASPINWALL,EQ,1200,1198,99.83
20,453,ASPIRE,SM,8000,8000,100.00
20,454,ASTEC,EQ,23703,14781,62.36
20,455,ASTERDM,EQ,1080780,627252,58.04
20,456,ASTRAL,EQ,388331,207851,53.52
20,457,ASTRAMICRO,EQ,202120,115273,57.03
20,458,ASTRAZEN,EQ,3299,1802,54.62
20,459,ASTRON,EQ,127352,107205,84.18
20,460,ATALREAL,EQ,5927763,2262412,38.17
20,461,ATAM,EQ,12167,6773,55.67
20,462,ATCENERGY,SM,27600,21600,78.26
20,463,ATGL,EQ,13348695,1376533,10.31
20,464,ATHERENERG,EQ,4290744,1879846,43.81
20,465,ATL,EQ,192261,119678,62.25
20,466,ATLANTAA,EQ,57945,16264,28.07
20,467,ATLANTAELE,EQ,470551,184076,39.12
20,468,ATLASCYCLE,EQ,7879,5747,72.94
20,469,ATLPP,E1,4237,4175,98.54
20,470,ATMASTCO,SM,31200,25200,80.77
20,471,ATUL,EQ,15169,9039,59.59
20,472,ATULAUTO,EQ,75987,20344,26.77
20,473,AUBANK,EQ,11121205,7708154,69.31
20,474,AURIONPRO,EQ,190268,101064,53.12
20,475,AUROIMPEX,SM,6400,6400,100.00
20,476,AUROPHARMA,EQ,1395687,633709,45.40
20,477,AURUM,EQ,25697,19867,77.31
20,478,AUSL,SM,2000,2000,100.00
20,479,AUTOAXLES,EQ,4750,2793,58.80
20,480,AUTOBEES,EQ,256274,103813,40.51
20,481,AUTOIETF,EQ,602494,290117,48.15
20,482,AUTOIND,EQ,62922,41155,65.41
20,483,AVADHSUGAR,EQ,260726,80561,30.90
20,484,AVALON,EQ,93312,35877,38.45
20,485,AVANA,SM,112000,70000,62.50
20,486,AVANTEL,EQ,886238,378888,42.75
20,487,AVANTIFEED,EQ,426974,132005,30.92
20,488,AVG,EQ,33187,18149,54.69
20,489,AVIANSH,SM,6000,6000,100.00
20,490,AVL,EQ,164064,91730,55.91
20,491,AVONMORE,EQ,256713,118975,46.35
20,492,AVPINFRA,SM,60000,44000,73.33
20,493,AVROIND,EQ,19287,10723,55.60
20,494,AVTNPL,EQ,35570,20841,58.59
20,495,AWFIS,EQ,430385,246314,57.23
20,496,AWHCL,EQ,84654,35322,41.73
20,497,AWL,EQ,25383780,7779354,30.65
20,498,AXISBANK,EQ,7518686,4802307,63.87
20,499,AXISBNKETF,EQ,1566,1410,90.04
20,500,AXISBPSETF,EQ,28407,17201,60.55
20,501,AXISCADES,EQ,132013,64601,48.94
20,502,AXISCETF,EQ,11204,10647,95.03
20,503,AXISGOLD,EQ,2919063,1328796,45.52
20,504,AXISHCETF,EQ,3346,2790,83.38
20,505,AXISILVER,EQ,2676649,1719168,64.23
20,506,AXISNIFTY,EQ,67695,44327,65.48
20,507,AXISTECETF,EQ,5014,3170,63.22
20,508,AXISVALUE,EQ,147861,98445,66.58
20,509,AXSENSEX,EQ,2764,2091,75.65
20,510,AYE,EQ,346626,96158,27.74
20,511,AYMSYNTEX,EQ,31096,12695,40.83
20,512,AZAD,EQ,134903,62526,46.35
20,513,BABAFP,SM,9600,9600,100.00
20,514,BAFNAPH,EQ,11309,8313,73.51
20,515,BAGDIGITAL,SM,4800,4800,100.00
20,516,BAGFILMS,EQ,166178,130621,78.60
20,517,BAHETI,SM,18000,7875,43.75
20,518,BAIDFIN,EQ,158541,126684,79.91
20,519,BAJAJ-AUTO,EQ,356410,170757,47.91
20,520,BAJAJCON,EQ,844741,306308,36.26
20,521,BAJAJELEC,EQ,314106,131191,41.77
20,522,BAJAJFINSV,EQ,2626283,1680393,63.98
20,523,BAJAJHCARE,EQ,389965,189554,48.61
20,524,BAJAJHFL,EQ,7699946,3782082,49.12
20,525,BAJAJHIND,EQ,18446377,8339095,45.21
20,526,BAJAJHLDNG,EQ,42855,20435,47.68
20,527,BAJAJINDEF,EQ,8790,6442,73.29
20,528,BAJEL,EQ,748978,98640,13.17
20,529,BAJFINANCE,EQ,14881843,8283886,55.66
20,530,BALAJEE,EQ,206216,173610,84.19
20,531,BALAJIPHOS,SM,44000,37000,84.09
20,532,BALAJITELE,EQ,155200,63516,40.93
20,533,BALAMINES,EQ,141807,46886,33.06
20,534,BALAXI,EQ,346771,323796,93.37
20,535,BALCO,SM,18000,14400,80.00
20,536,BALKRISHNA,EQ,17208,10990,63.87
20,537,BALKRISIND,EQ,128499,86134,67.03
20,538,BALMLAWRIE,EQ,133771,71838,53.70
20,539,BALPHARMA,EQ,5912,4687,79.28
20,540,BALRAMCHIN,EQ,1104034,455076,41.22
20,541,BALUFORGE,EQ,380322,161670,42.51
20,542,BANARBEADS,EQ,1473,1176,79.84
20,543,BANARISUG,EQ,747,475,63.59
20,544,BANCOINDIA,EQ,135580,66243,48.86
20,545,BANDHANBNK,EQ,14307044,7510108,52.49
20,546,BANG,EQ,27168,24642,90.70
20,547,BANK10ADD,EQ,8386,4284,51.09
20,548,BANKA,EQ,2100,1779,84.71
20,549,BANKADD,EQ,64661,33941,52.49
20,550,BANKBARODA,EQ,9423497,4409756,46.80
20,551,BANKBEES,EQ,1208466,526899,43.60
20,552,BANKBETA,EQ,4171972,4113330,98.59
20,553,BANKBETF,EQ,9979,4258,42.67
20,554,BANKETF,EQ,15041,13032,86.64
20,555,BANKIETF,EQ,1874803,1593231,84.98
20,556,BANKINDIA,EQ,12913188,4654203,36.04
20,557,BANKNIFTY1,EQ,3020385,2579472,85.40
20,558,BANKPSU,EQ,20427,8624,42.22
20,559,BANSALWIRE,EQ,73809,44644,60.49
20,560,BANSWRAS,EQ,51188,38159,74.55
20,561,BARFLEX,SM,16000,10000,62.50
20,562,BASF,EQ,17694,10487,59.27
20,563,BASILIC,SM,42300,27600,65.25
20,564,BASML,EQ,188178,139161,73.95
20,565,BATAINDIA,EQ,423468,136743,32.29
20,566,BAWEJA,SM,6400,6400,100.00
20,567,BAYERCROP,EQ,115147,68790,59.74
20,568,BBETF0432,EQ,1458,1366,93.69
20,569,BBL,EQ,25316,14511,57.32
20,570,BBNPNBETF,EQ,1040,1031,99.13
20,571,BBNPPGOLD,EQ,121725,68843,56.56
20,572,BBOX,EQ,305193,106281,34.82
20,573,BBTC,EQ,26045,15169,58.24
20,574,BBTCL,EQ,308,259,84.09
20,575,BCLIND,EQ,544188,265260,48.74
20,576,BCONCEPTS,EQ,9732,7658,78.69
20,577,BDL,EQ,865784,260197,30.05
20,578,BEACON,SM,7000,6000,85.71
20,579,BEARDSELL,EQ,19589,11338,57.88
20,580,BECTORFOOD,EQ,347854,185053,53.20
20,581,BEL,EQ,17599734,10592817,60.19
20,582,BELLACASA,EQ,13895,6652,47.87
20,583,BELRISE,EQ,19170728,10264079,53.54
20,584,BEML,EQ,219468,62484,28.47
20,585,BEPL,EQ,535786,267920,50.01
20,586,BERGEPAINT,EQ,489338,287232,58.70
20,587,BETA,EQ,18428,15208,82.53
20,588,BEWLTD,SM,13000,11500,88.46
20,589,BFINVEST,EQ,16720,10185,60.92
20,590,BFSI,EQ,404851,217240,53.66
20,591,BHADORA,SM,7200,7200,100.00
20,592,BHAGCHEM,EQ,149800,102359,68.33
20,593,BHAGERIA,EQ,138789,19704,14.20
20,594,BHAGYANGR,EQ,52469,33248,63.37
20,595,BHANDARI,EQ,558215,480862,86.14
20,596,BHARATCOAL,EQ,7411885,2614507,35.27
20,597,BHARATFORG,EQ,939720,534206,56.85
20,598,BHARATGEAR,EQ,8120,3788,46.65
20,599,BHARATRAS,EQ,28326,12160,42.93
20,600,BHARATSE,EQ,153155,52931,34.56
20,601,BHARATWIRE,EQ,86444,41639,48.17
20,602,BHARTIARTL,EQ,7691633,5368949,69.80
20,603,BHARTIHEXA,EQ,378441,251952,66.58
20,604,BHEL,EQ,19056140,8387258,44.01
20,605,BIGBLOC,EQ,44957,26264,58.42
20,606,BIKAJI,EQ,207899,105922,50.95
20,607,BIKEWO,ST,14000,6000,42.86
20,608,BIL,EQ,1248,736,58.97
20,609,BIOCON,EQ,12193711,8256387,67.71
20,610,BIOFILCHEM,EQ,4698,3160,67.26
20,611,BIOPOL,SM,8400,1200,14.29
20,612,BIRDYS,SM,33600,33600,100.00
20,613,BIRET,RR,1622962,1393030,85.83
20,614,BIRLACABLE,EQ,22322,13146,58.89
20,615,BIRLACORPN,EQ,83465,43660,52.31
20,616,BIRLAMONEY,EQ,32056,20554,64.12
20,617,BIRLANU,EQ,13299,7180,53.99
20,618,BLACKBUCK,EQ,4260862,2811439,65.98
20,619,BLAL,EQ,47112,34518,73.27
20,620,BLISSGVS,EQ,1535471,919765,59.90
20,621,BLKASHYAP,EQ,367134,224724,61.21
20,622,BLS,EQ,816806,438828,53.72
20,623,BLSE,EQ,1462481,397637,27.19
20,624,BLUECOAST,EQ,714,496,69.47
20,625,BLUEDART,EQ,5459,2269,41.56
20,626,BLUEJET,EQ,656904,302219,46.01
20,627,BLUEPEBBLE,ST,9200,7600,82.61
20,628,BLUESTARCO,EQ,401052,168565,42.03
20,629,BLUESTONE,EQ,581124,293799,50.56
20,630,BLUEWATER,SM,2000,2000,100.00
20,631,BLUSPRING,EQ,1216259,509252,41.87
20,632,BMETRICS,SM,8000,8000,100.00
20,633,BMWVENTLTD,EQ,76259,41149,53.96
20,634,BODALCHEM,EQ,4435224,552276,12.45
20,635,BOMDYEING,EQ,668671,296854,44.39
20,636,BOROLTD,EQ,224432,178562,79.56
20,637,BORORENEW,EQ,375960,172699,45.94
20,638,BOROSCI,EQ,48329,26113,54.03
20,639,BOSCH-HCIL,EQ,9448,6039,63.92
20,640,BOSCHLTD,EQ,30424,16121,52.99
20,641,BOSS,SM,6000,6000,100.00
20,642,BPCL,EQ,16601274,9242190,55.67
20,643,BPL,EQ,50301,25859,51.41
20,644,BRACEPORT,SM,4800,3200,66.67
20,645,BRANDMAN,SM,56800,40800,71.83
20,646,BRIGADE,EQ,210646,108522,51.52
20,647,BRIGHOTEL,EQ,121370,83189,68.54
20,648,BRITANNIA,EQ,462806,307813,66.51
20,649,BRNL,EQ,78342,44503,56.81
20,650,BROOKS,EQ,97265,66576,68.45
20,651,BSE,EQ,5795250,1720143,29.68
20,652,BSE500IETF,EQ,274517,139671,50.88
20,653,BSHSL,EQ,9627,7176,74.54
20,654,BSL,EQ,794,559,70.40
20,655,BSLGOLDETF,EQ,331218,194173,58.62
20,656,BSLNIFTY,EQ,429894,344412,80.12
20,657,BSLSENETFG,EQ,4755,1833,38.55
20,658,BSOFT,EQ,888548,379250,42.68
20,659,BTML,EQ,1564800,1409254,90.06
20,660,BUILDPRO,EQ,24783,16706,67.41
20,661,BUTTERFLY,EQ,258241,29622,11.47
20,662,BVCL,EQ,14860,12104,81.45
20,663,BYKE,EQ,116085,58800,50.65
20,664,C2C,SM,56100,39300,70.05
20,665,CALSOFT,EQ,8406,4735,56.33
20,666,CAMLINFINE,EQ,477743,229497,48.04
20,667,CAMPUS,EQ,156145,63179,40.46
20,668,CAMS,EQ,830229,326145,39.28
20,669,CANARYS,SM,124000,96000,77.42
20,670,CANBK,EQ,30539089,9606224,31.46
20,671,CANFINHOME,EQ,199359,120061,60.22
20,672,CANHLIFE,EQ,255549,97762,38.26
20,673,CANTABIL,EQ,134259,86941,64.76
20,674,CAPACITE,EQ,959964,285096,29.70
20,675,CAPILLARY,EQ,18383,9793,53.27
20,676,CAPINVIT,IV,200260,170800,85.29
20,677,CAPITALSFB,EQ,9533,7013,73.57
20,678,CAPLIPOINT,EQ,65307,40824,62.51
20,679,CARBORUNIV,EQ,73003,31615,43.31
20,680,CARERATING,EQ,49205,33912,68.92
20,681,CARRARO,EQ,46525,18588,39.95
20,682,CARTRADE,EQ,329928,73381,22.24
20,683,CARYSIL,EQ,43692,24212,55.42
20,684,CASHIETF,EQ,207439,150888,72.74
20,685,CASTROLIND,EQ,4664754,3415108,73.21
20,686,CCAVENUE,EQ,15993270,11135254,69.62
20,687,CCCL,EQ,241028,143147,59.39
20,688,CCHHL,EQ,118194,104209,88.17
20,689,CCL,EQ,912155,223605,24.51
20,690,CDSL,EQ,1507667,503772,33.41
20,691,CEATLTD,EQ,87882,31010,35.29
20,692,CEDAAR,SM,32000,24000,75.00
20,693,CEIGALL,EQ,138137,74963,54.27
20,694,CEINSYS,EQ,30268,14317,47.30
20,695,CELEBRITY,EQ,13964,11082,79.36
20,696,CELLECOR,SM,225000,195000,86.67
20,697,CELLO,EQ,486036,207817,42.76
20,698,CELLPOINT,SM,6000,6000,100.00
20,699,CEMPRO,EQ,230580,103234,44.77
20,700,CENTENKA,EQ,8943,5675,63.46
20,701,CENTEXT,EQ,92971,42751,45.98
20,702,CENTRALBK,EQ,10251996,3924492,38.28
20,703,CENTRUM,EQ,1890280,780400,41.28
20,704,CENTUM,EQ,362983,45260,12.47
20,705,CENTURYPLY,EQ,42417,24309,57.31
20,706,CERA,EQ,13514,4846,35.86
20,707,CESC,EQ,1713204,817076,47.69
20,708,CEWATER,EQ,270601,150557,55.64
20,709,CGCL,EQ,551185,199410,36.18
20,710,CGPOWER,EQ,2720138,1342962,49.37
20,711,CGRAPHICS,SM,136000,130400,95.88
20,712,CHALET,EQ,399501,276238,69.15
20,713,CHAMBLFERT,EQ,501654,284475,56.71
20,714,CHAMUNDA,SM,36000,36000,100.00
20,715,CHANDAN,SM,28800,20000,69.44
20,716,CHAVDA,SM,62000,62000,100.00
20,717,CHEMBOND,EQ,6327,3818,60.34
20,718,CHEMBONDCH,EQ,17280,14194,82.14
20,719,CHEMCON,EQ,55989,34385,61.41
20,720,CHEMFAB,EQ,2608,1650,63.27
20,721,CHEMICAL,EQ,350292,316260,90.28
20,722,CHEMPLASTS,EQ,442406,226659,51.23
20,723,CHENNPETRO,EQ,4575897,564532,12.34
20,724,CHETANA,SM,32000,27200,85.00
20,725,CHEVIOT,EQ,1028,806,78.40
20,726,CHOICEGOLD,EQ,102489,51604,50.35
20,727,CHOICEIN,EQ,806007,504897,62.64
20,728,CHOLAFIN,EQ,2452413,1602505,65.34
20,729,CHOLAHLDNG,EQ,430200,269157,62.57
20,730,CIEINDIA,EQ,507711,266103,52.41
20,731,CIFL,EQ,123355,81222,65.84
20,732,CIGNITITEC,EQ,48344,17708,36.63
20,733,CINELINE,EQ,19800,14010,70.76
20,734,CINEVISTA,EQ,11187,7951,71.07
20,735,CIPLA,EQ,1151621,645684,56.07
20,736,CKKRETAIL,ST,51200,50400,98.44
20,737,CLASSICEIL,SM,9600,6400,66.67
20,738,CLEAN,EQ,205254,116675,56.84
20,739,CLEANMAX,EQ,329681,182229,55.27
20,740,CLSEL,EQ,39472,17974,45.54
20,741,CLSL,SM,36000,22000,61.11
20,742,CMNL,SM,26250,24000,91.43
20,743,CMRSL,SM,800,800,100.00
20,744,CMSINFO,EQ,673750,447541,66.43
20,745,CNL,EQ,19904,9391,47.18
20,746,COALINDIA,EQ,23878653,14059686,58.88
20,747,COASTCORP,EQ,83044,66478,80.05
20,748,COCHINSHIP,EQ,814079,309970,38.08
20,749,COFFEEDAY,EQ,2042014,1271142,62.25
20,750,COFORGE,EQ,2721237,865135,31.79
20,751,COHANCE,EQ,514988,300857,58.42
20,752,COLPAL,EQ,317292,166911,52.60
20,753,COMMOIETF,EQ,123779,67474,54.51
20,754,COMPUSOFT,EQ,90435,70003,77.41
20,755,COMSYN,EQ,26380,21710,82.30
20,756,CONCOR,EQ,1689715,903576,53.48
20,757,CONCORDBIO,EQ,174098,78638,45.17
20,758,CONFIPET,EQ,1580039,630481,39.90
20,759,CONNPLEX,SM,34400,23200,67.44
20,760,CONS,EQ,421057,393069,93.35
20,761,CONSUMBEES,EQ,94703,47488,50.14
20,762,CONSUMER,EQ,362077,329450,90.99
20,763,CONSUMIETF,EQ,30325,16106,53.11
20,764,CONTI,SM,59994,59994,100.00
20,765,CONTROLPR,EQ,9987,6712,67.21
20,766,COOLCAPS,SM,45000,37500,83.33
20,767,CORALFINAC,EQ,17742,13675,77.08
20,768,CORDSCABLE,EQ,20605,16958,82.30
20,769,COROMANDEL,EQ,728762,423351,58.09
20,770,CORONA,EQ,22039,8550,38.79
20,771,COSMOFIRST,EQ,46997,25557,54.38
20,772,COUNCODOS,EQ,40446,36855,91.12
20,773,CPCAP,EQ,38545,35211,91.35
20,774,CPEDU,EQ,4994,3744,74.97
20,775,CPPLUS,EQ,159267,59106,37.11
20,776,CPS,ST,300,300,100.00
20,777,CPSEETF,EQ,1117889,544938,48.75
20,778,CRAFTSMAN,EQ,27734,11588,41.78
20,779,CRAMC,EQ,218668,120293,55.01
20,780,CRAYONS,SM,38000,31000,81.58
20,781,CREATIVEYE,EQ,11470,10549,91.97
20,782,CREDITACC,EQ,262900,125067,47.57
20,783,CREST,EQ,24610,9541,38.77
20,784,CRISIL,EQ,119945,86027,71.72
20,785,CRIZAC,EQ,228407,119875,52.48
20,786,CROMPTON,EQ,1174291,481443,41.00
20,787,CROWN,EQ,21783,15014,68.93
20,788,CSBBANK,EQ,1388588,649522,46.78
20,789,CSLFINANCE,EQ,29207,20472,70.09
20,790,CSSL,SM,37000,31000,83.78
20,791,CTE,EQ,22421,15162,67.62
20,792,CUB,EQ,1265582,580228,45.85
20,793,CUBEINVIT,IV,1075000,1075000,100.00
20,794,CUBEXTUB,EQ,64911,27990,43.12
20,795,CUDML,SM,15000,15000,100.00
20,796,CUMMINSIND,EQ,878443,563000,64.09
20,797,CUPID,EQ,8752224,3278582,37.46
20,798,CURIS,SM,3000,3000,100.00
20,799,CURRENT,SM,8000,4800,60.00
20,800,CYBERMEDIA,EQ,34328,23960,69.80
20,801,CYBERTECH,EQ,31396,21376,68.09
20,802,CYIENT,EQ,199549,92568,46.39
20,803,CYIENTDLM,EQ,996356,143715,14.42
20,804,DABUR,EQ,1933160,1091678,56.47
20,805,DALBHARAT,EQ,124129,56622,45.62
20,806,DALMIASUG,EQ,417543,140420,33.63
20,807,DAMCAPITAL,EQ,707357,237002,33.51
20,808,DAMODARIND,EQ,16973,10071,59.34
20,809,DANGEE,EQ,111696,84370,75.54
20,810,DANISH,SM,10350,8400,81.16
20,811,DATAMATICS,EQ,44484,14643,32.92
20,812,DATAPATTNS,EQ,569222,108733,19.10
20,813,DAVANGERE,EQ,7279407,3533133,48.54
20,814,DBCORP,EQ,39031,21815,55.89
20,815,DBEIL,EQ,624921,108592,17.38
20,816,DBL,EQ,243049,136541,56.18
20,817,DBOL,EQ,107102,49945,46.63
20,818,DBREALTY,EQ,1396367,565144,40.47
20,819,DBSTOCKBRO,EQ,6084,4761,78.25
20,820,DCAL,EQ,305954,136077,44.48
20,821,DCBBANK,EQ,1179374,453730,38.47
20,822,DCCL,SM,20000,20000,100.00
20,823,DCG,SM,4800,4800,100.00
20,824,DCI,EQ,44057,26275,59.64
20,825,DCM,EQ,9261,8491,91.69
20,826,DCMNVL,EQ,20650,15471,74.92
20,827,DCMSHRIRAM,EQ,97611,51687,52.95
20,828,DCMSRIND,EQ,256649,99874,38.91
20,829,DCW,EQ,1660276,882587,53.16
20,830,DCXINDIA,EQ,816761,314219,38.47
20,831,DDEVPLSTIK,EQ,70425,44008,62.49
20,832,DECCANCE,EQ,15746,8812,55.96
20,833,DECCANTRAN,SM,24000,24000,100.00
20,834,DEEDEV,EQ,1438598,315104,21.90
20,835,DEEM,SM,12000,10000,83.33
20,836,DEEPAKFERT,EQ,276351,139992,50.66
20,837,DEEPAKNTR,EQ,137812,51535,37.40
20,838,DEEPINDS,EQ,10866019,762637,7.02
20,839,DEFENCE,EQ,282947,227255,80.32
20,840,DELAPLEX,SM,19800,16200,81.82
20,841,DELHIVERY,EQ,2156599,1228700,56.97
20,842,DELPHIFX,EQ,453720,281177,61.97
20,843,DELTACORP,EQ,1226446,738051,60.18
20,844,DELTAMAGNT,EQ,1544,1282,83.03
20,845,DELTIC,SM,12000,11000,91.67
20,846,DEN,EQ,376117,216067,57.45
20,847,DENEERS,ST,5400,3600,66.67
20,848,DENORA,EQ,5202,2971,57.11
20,849,DENTA,EQ,94582,33776,35.71
20,850,DENTALKART,SM,22500,19250,85.56
20,851,DEVIT,EQ,48462,28935,59.71
20,852,DEVX,EQ,131331,87006,66.25
20,853,DEVYANI,EQ,2996565,1335122,44.56
20,854,DGCONTENT,EQ,13183,11317,85.85
20,855,DHAMPURSUG,EQ,731325,251878,34.44
20,856,DHANBANK,EQ,813046,509503,62.67
20,857,DHANLAXMI,SM,34000,32000,94.12
20,858,DHANUKA,EQ,30499,17639,57.83
20,859,DHARARAIL,SM,24000,24000,100.00
20,860,DHARIWAL,ST,30000,27000,90.00
20,861,DHARMAJ,EQ,52677,34233,64.99
20,862,DHRUV,EQ,20333,13351,65.66
20,863,DHUNINV,EQ,3423,2064,60.30
20,864,DIACABS,EQ,842136,422357,50.15
20,865,DIAMINESQ,EQ,27476,22287,81.11
20,866,DIAMONDYD,EQ,62148,47511,76.45
20,867,DICIND,EQ,697,570,81.78
20,868,DIFFNKG,EQ,88737,42458,47.85
20,869,DIGIDRIVE,EQ,53790,41094,76.40
20,870,DIGIKORE,SM,48800,16000,32.79
20,871,DIGISPICE,EQ,484761,409157,84.40
20,872,DIGITIDE,EQ,664048,411695,62.00
20,873,DIGJAMLMTD,EQ,5801,4813,82.97
20,874,DIRL,SM,6000,6000,100.00
20,875,DISHTV,EQ,3419913,2432551,71.13
20,876,DIVGIITTS,EQ,19689,9271,47.09
20,877,DIVIDEND,EQ,4373,2667,60.99
20,878,DIVINEHIRA,ST,3200,1600,50.00
20,879,DIVISLAB,EQ,283471,154818,54.62
20,880,DIVOPPBEES,EQ,79106,41018,51.85
20,881,DIVYADHAN,SM,2000,2000,100.00
20,882,DIXON,EQ,520115,121315,23.32
20,883,DLF,EQ,4266475,1838445,43.09
20,884,DLINKINDIA,EQ,66237,35398,53.44
20,885,DMART,EQ,386084,204162,52.88
20,886,DMCC,EQ,23580,18243,77.37
20,887,DNAMEDIA,EQ,29571,19245,65.08
20,888,DODLA,EQ,44869,10357,23.08
20,889,DOLATALGO,EQ,126098,71480,56.69
20,890,DOLLAR,EQ,169857,113390,66.76
20,891,DOLLEX,SM,4000,4000,100.00
20,892,DOLPHIN,EQ,51755,15565,30.07
20,893,DOMS,EQ,233219,104995,45.02
20,894,DONEAR,EQ,35657,25291,70.93
20,895,DPABHUSHAN,EQ,20658,9039,43.76
20,896,DPEL,SM,83500,63500,76.05
20,897,DPSCLTD,EQ,149246,111169,74.49
20,898,DPWIRES,EQ,12049,8534,70.83
20,899,DRCSYSTEMS,EQ,43366,36299,83.70
20,900,DREAMFOLKS,EQ,219750,94253,42.89
20,901,DREDGECORP,EQ,109262,39296,35.96
20,902,DRONE,SM,45000,38000,84.44
20,903,DRREDDY,EQ,3359706,2404233,71.56
20,904,DRSCARGO,SM,800,800,100.00
20,905,DSFCL,EQ,131658,102058,77.52
20,906,DSSL,EQ,22294,8028,36.01
20,907,DTIL,EQ,2973,2837,95.43
20,908,DTL,SM,4800,1200,25.00
20,909,DUCOL,SM,98400,94400,95.93
20,910,DUCON,EQ,393817,254388,64.60
20,911,DURLAX,SM,62000,32000,51.61
20,912,DVL,EQ,31362,17612,56.16
20,913,DWARKESH,EQ,1859165,839838,45.17
20,914,DYCL,EQ,106316,50686,47.67
20,915,DYNAMATECH,EQ,16024,4031,25.16
20,916,DYNAMIC,SM,47000,38000,80.85
20,917,DYNPRO,EQ,19518,6328,32.42
20,918,E2ERAIL,SM,15200,14400,94.74
20,919,EASEMYTRIP,EQ,11749042,4512801,38.41
20,920,EBANKNIFTY,EQ,1346,1075,79.87
20,921,EBBETF0430,EQ,24890,19120,76.82
20,922,EBBETF0431,EQ,17681,14128,79.90
20,923,EBBETF0433,EQ,3187,2361,74.08
20,924,EBGNG,EQ,488481,216753,44.37
20,925,ECAPINSURE,EQ,64332,34872,54.21
20,926,ECLERX,EQ,157266,78349,49.82
20,927,ECOLINE,SM,12000,11000,91.67
20,928,ECOSMOBLTY,EQ,567574,321041,56.56
20,929,EDELWEISS,EQ,3717028,1495547,40.24
20,930,EEPL,SM,17000,15000,88.24
20,931,EFACTOR,SM,37200,34800,93.55
20,932,EFCIL,EQ,155626,83968,53.95
20,933,EFFWA,SM,23200,23200,100.00
20,934,EFORCE,SM,22800,20400,89.47
20,935,EGOLD,EQ,109753,76412,69.62
20,936,EICHERMOT,EQ,575123,350787,60.99
20,937,EIDPARRY,EQ,204744,113723,55.54
20,938,EIEL,EQ,951340,302015,31.75
20,939,EIFFL,EQ,17535,15202,86.70
20,940,EIHAHOTELS,EQ,15952,8605,53.94
20,941,EIHOTEL,EQ,192078,101201,52.69
20,942,EIMCOELECO,EQ,39691,32640,82.24
20,943,EKC,EQ,143133,93884,65.59
20,944,ELDEHSG,EQ,142,92,64.79
20,945,ELECON,EQ,829289,284049,34.25
20,946,ELECTCAST,EQ,8625900,1996076,23.14
20,947,ELECTHERM,EQ,108985,43075,39.52
20,948,ELGIEQUIP,EQ,348295,151179,43.41
20,949,ELGIRUBCO,EQ,27104,17801,65.68
20,950,ELGNZ,SM,126000,56000,44.44
20,951,ELIN,EQ,103129,56983,55.25
20,952,ELIQUID,EQ,2117,1234,58.29
20,953,ELLEN,EQ,438898,188160,42.87
20,954,ELM250,EQ,89804,59867,66.66
20,955,EMAMILTD,EQ,590866,370954,62.78
20,956,EMAMIPAP,EQ,18021,12492,69.32
20,957,EMAMIREAL,EQ,51267,45602,88.95
20,958,EMAPARTNER,SM,132000,131000,99.24
20,959,EMBASSY,RR,1360069,1170685,86.08
20,960,EMCURE,EQ,64690,24405,37.73
20,961,EMIL,EQ,327206,157587,48.16
20,962,EMKAY,EQ,14401,7698,53.45
20,963,EMKAYTOOLS,SM,900,600,66.67
20,964,EMMBI,EQ,14815,11141,75.20
20,965,EMMIL,SM,4250,3500,82.35
20,966,EMMVEE,EQ,2013950,728562,36.18
20,967,EMSLIMITED,EQ,407677,143202,35.13
20,968,EMUDHRA,EQ,109350,67200,61.45
20,969,EMULTIMQ,EQ,74225,66228,89.23
20,970,ENCOMPAS,SM,6000,6000,100.00
20,971,ENDURANCE,EQ,51767,28371,54.81
20,972,ENERGY,EQ,1329739,1085132,81.60
20,973,ENERGYDEV,EQ,53221,36142,67.91
20,974,ENFUSE,SM,14400,11400,79.17
20,975,ENGINERSIN,EQ,2684136,886730,33.04
20,976,ENIFTY,EQ,5795,4084,70.47
20,977,ENIL,EQ,8470,5216,61.58
20,978,ENRIN,EQ,288016,178751,62.06
20,979,ENSER,SM,25000,20000,80.00
20,980,ENTERO,EQ,67452,38905,57.68
20,981,ENVIRO,SM,4000,4000,100.00
20,982,EPACK,EQ,775105,397441,51.28
20,983,EPACKPEB,EQ,722832,444290,61.47
20,984,EPIGRAL,EQ,108806,58920,54.15
20,985,EPL,EQ,199263,98013,49.19
20,986,EPWINDIA,SM,2400,2400,100.00
20,987,EQUAL200,EQ,104209,103798,99.61
20,988,EQUAL50,EQ,425,341,80.24
20,989,EQUAL50ADD,EQ,11852,7344,61.96
20,990,EQUITASBNK,EQ,4274049,1946470,45.54
20,991,ERIS,EQ,84320,66613,79.00
20,992,ESABINDIA,EQ,1175,655,55.74
20,993,ESAFSFB,EQ,595448,421167,70.73
20,994,ESCONET,SM,19200,18400,95.83
20,995,ESCORTS,EQ,830222,382698,46.10
20,996,ESENSEX,EQ,366,88,24.04
20,997,ESFL,SM,40320,33120,82.14
20,998,ESG,EQ,13327,10218,76.67
20,999,ESILVER,EQ,154167,48918,31.73
20,1000,ESPRIT,SM,11200,6400,57.14
20,1001,ESSARSHPNG,EQ,103013,54887,53.28
20,1002,ESSENTIA,EQ,1136537,822002,72.33
20,1003,ESTER,EQ,118607,65530,55.25
20,1004,ETERNAL,EQ,55775443,20428203,36.63
20,1005,ETHOSLTD,EQ,27431,17357,63.28
20,1006,ETL,SM,600,600,100.00
20,1007,ETML,SM,3600,3600,100.00
20,1008,EUREKAFORB,EQ,102151,58898,57.66
20,1009,EUROBOND,EQ,5373,3650,67.93
20,1010,EUROPRATIK,EQ,442517,186213,42.08
20,1011,EUROTEXIND,EQ,3466,2705,78.04
20,1012,EVEREADY,EQ,107154,53123,49.58
20,1013,EVERESTIND,EQ,14593,9917,67.96
20,1014,EVIETF,EQ,62108,34246,55.14
20,1015,EVINDIA,EQ,194122,92156,47.47
20,1016,EXCEL,EQ,4995929,2382957,47.70
20,1017,EXCELINDUS,EQ,9008,6153,68.31
20,1018,EXCELLENT,ST,25600,25600,100.00
20,1019,EXCELSOFT,EQ,369420,178436,48.30
20,1020,EXICOM,EQ,269909,120784,44.75
20,1021,EXIDEIND,EQ,1563002,821475,52.56
20,1022,EXIMROUTES,ST,196800,193600,98.37
20,1023,EXPLEOSOL,EQ,15674,10601,67.63
20,1024,EXXARO,EQ,73114,59516,81.40
20,1025,FABTECH,EQ,94319,28921,30.66
20,1026,FACT,EQ,388774,48095,12.37
20,1027,FAIRCHEMOR,EQ,32200,21299,66.15
20,1028,FALCONTECH,SM,44400,22800,51.35
20,1029,FCL,EQ,1086946,525601,48.36
20,1030,FCSSOFT,EQ,1929309,1187035,61.53
20,1031,FDC,EQ,110869,62895,56.73
20,1032,FEDERALBNK,EQ,14660431,8816280,60.14
20,1033,FEDFINA,EQ,496211,279843,56.40
20,1034,FELIX,SM,6500,5000,76.92
20,1035,FIDEL,SM,21000,20000,95.24
20,1036,FIEMIND,EQ,38839,16589,42.71
20,1037,FILATEX,EQ,650031,357718,55.03
20,1038,FILATFASH,EQ,87844107,50269583,57.23
20,1039,FINBUD,SM,16000,15000,93.75
20,1040,FINCABLES,EQ,904177,641349,70.93
20,1041,FINEORG,EQ,10163,6511,64.07
20,1042,FINIETF,EQ,782229,520787,66.58
20,1043,FINKURVE,EQ,1587499,347486,21.89
20,1044,FINOPB,EQ,683498,240735,35.22
20,1045,FINPIPE,EQ,590179,324004,54.90
20,1046,FIRSTCRY,EQ,70444931,7414529,10.53
20,1047,FISCHER,EQ,1661978,675623,40.65
20,1048,FIVESTAR,EQ,962079,495972,51.55
20,1049,FLAIR,EQ,25337,9299,36.70
20,1050,FLEXIADD,EQ,155005,69513,44.85
20,1051,FLEXITUFF,EQ,19699,14012,71.13
20,1052,FLUOROCHEM,EQ,51364,24948,48.57
20,1053,FLYSBS,SM,21800,16600,76.15
20,1054,FMCGIETF,EQ,1021841,578288,56.59
20,1055,FMGOETZE,EQ,29455,18406,62.49
20,1056,FMNL,EQ,54597,50135,91.83
20,1057,FOCUS,EQ,167048,120082,71.88
20,1058,FONEBOX,SM,4000,4000,100.00
20,1059,FOODSIN,EQ,171547,90163,52.56
20,1060,FORCAS,SM,4800,4800,100.00
20,1061,FORCEMOT,EQ,88440,23666,26.76
20,1062,FORGEAUTO,SM,55200,52800,95.65
20,1063,FORTIS,EQ,1580046,953075,60.32
20,1064,FOSECOIND,EQ,2403,1170,48.69
20,1065,FRACTAL,EQ,331703,164691,49.65
20,1066,FRESHARA,ST,24000,22800,95.00
20,1067,FROG,SM,29200,23200,79.45
20,1068,FSL,EQ,2037091,390700,19.18
20,1069,FUSION,EQ,228692,125513,54.88
20,1070,FWSTC,SM,55800,52800,94.62
20,1071,GABRIEL,EQ,258017,110625,42.88
20,1072,GAEL,EQ,586965,281508,47.96
20,1073,GAIL,EQ,21738634,14858738,68.35
20,1074,GAJANAND,SM,12000,12000,100.00
20,1075,GALAPREC,EQ,6343,3818,60.19
20,1076,GALAXYSURF,EQ,29862,18867,63.18
20,1077,GALLANTT,EQ,90472,50868,56.23
20,1078,GANDHAR,EQ,210490,104588,49.69
20,1079,GANDHITUBE,EQ,3029,1750,57.77
20,1080,GANECOS,EQ,136222,83150,61.04
20,1081,GANESHBE,EQ,110715,74847,67.60
20,1082,GANESHCP,EQ,183821,137283,74.68
20,1083,GANESHHOU,EQ,56947,31670,55.61
20,1084,GANESHIN,SM,72800,66400,91.21
20,1085,GANGABATH,SM,60000,24000,40.00
20,1086,GANGAFORGE,EQ,135110,109447,81.01
20,1087,GANGESSECU,EQ,12894,5258,40.78
20,1088,GARFIBRES,EQ,38617,20271,52.49
20,1089,GARUDA,EQ,488936,179420,36.70
20,1090,GATECH,EQ,3425831,2245871,65.56
20,1091,GATECHDVR,EQ,150338,135169,89.91
20,1092,GATEWAY,EQ,1102744,800455,72.59
20,1093,GAUDIUMIVF,EQ,731455,356821,48.78
20,1094,GAYAHWS,EQ,275352,190449,69.17
20,1095,GCHOTELS,SM,96000,80400,83.75
20,1096,GEECEE,EQ,2282,1629,71.38
20,1097,GEEKAYWIRE,EQ,64665,37711,58.32
20,1098,GENCON,EQ,47787,28361,59.35
20,1099,GENESYS,EQ,411552,150095,36.47
20,1100,GENUSPAPER,EQ,234202,149041,63.64
20,1101,GENUSPOWER,EQ,678830,418284,61.62
20,1102,GEOJITFSL,EQ,498418,273952,54.96
20,1103,GESHIP,EQ,501108,218204,43.54
20,1104,GFLLIMITED,EQ,77735,53287,68.55
20,1105,GGBL,SM,26100,19200,73.56
20,1106,GHCL,EQ,362450,264571,73.00
20,1107,GHCLTEXTIL,EQ,198209,119942,60.51
20,1108,GICHSGFIN,EQ,85922,50851,59.18
20,1109,GICRE,EQ,429312,228110,53.13
20,1110,GILLANDERS,EQ,2319,2106,90.82
20,1111,GILLETTE,EQ,37894,12543,33.10
20,1112,GILT10BETA,EQ,176,149,84.66
20,1113,GILT5BETA,EQ,181,161,88.95
20,1114,GILT5YBEES,EQ,519926,344468,66.25
20,1115,GINNIFILA,EQ,186423,74015,39.70
20,1116,GIPCL,EQ,259910,114182,43.93
20,1117,GIRIRAJ,ST,1000,1000,100.00
20,1118,GJL,ST,12800,12800,100.00
20,1119,GKENERGY,EQ,487611,257953,52.90
20,1120,GKSL,EQ,265824,91947,34.59
20,1121,GKWLIMITED,EQ,326,281,86.20
20,1122,GLAND,EQ,138158,95352,69.02
20,1123,GLAXO,EQ,58866,38182,64.86
20,1124,GLENMARK,EQ,596886,270182,45.27
20,1125,GLOBAL,EQ,22381,16050,71.71
20,1126,GLOBALE,EQ,5535,5212,94.16
20,1127,GLOBALPET,SM,23250,20250,87.10
20,1128,GLOBALVECT,EQ,3421,1976,57.76
20,1129,GLOBE,EQ,256670,187019,72.86
20,1130,GLOBECIVIL,EQ,76753,44097,57.45
20,1131,GLOBUSSPR,EQ,57336,22321,38.93
20,1132,GLOSTERLTD,EQ,1897,1836,96.78
20,1133,GLOTTIS,EQ,103709,69588,67.10
20,1134,GMBREW,EQ,73692,27549,37.38
20,1135,GMDCLTD,EQ,32107235,4300102,13.39
20,1136,GML,ST,36000,36000,100.00
20,1137,GMMPFAUDLR,EQ,59820,34222,57.21
20,1138,GMRAIRPORT,EQ,24147369,12289884,50.90
20,1139,GMRP&UI,EQ,1561869,793942,50.83
20,1140,GNA,EQ,32344,20287,62.72
20,1141,GNFC,EQ,281919,141177,50.08
20,1142,GOACARBON,EQ,11787,6343,53.81
20,1143,GOCLCORP,EQ,56216,36903,65.65
20,1144,GOCOLORS,EQ,495661,122768,24.77
20,1145,GODAVARIB,EQ,1228308,312162,25.41
20,1146,GODFRYPHLP,EQ,226742,75809,33.43
20,1147,GODIGIT,EQ,1475032,1184356,80.29
20,1148,GODREJAGRO,EQ,179733,51408,28.60
20,1149,GODREJCP,EQ,1344957,900687,66.97
20,1150,GODREJIND,EQ,62714,35060,55.90
20,1151,GODREJPROP,EQ,966056,377162,39.04
20,1152,GOKEX,EQ,473683,246735,52.09
20,1153,GOKUL,EQ,128442,67519,52.57
20,1154,GOKULAGRO,EQ,2703407,313961,11.61
20,1155,GOLD1,EQ,3739672,1506058,40.27
20,1156,GOLD360,EQ,59616,30266,50.77
20,1157,GOLDADD,EQ,1179666,528293,44.78
20,1158,GOLDBEES,EQ,68506513,26254494,38.32
20,1159,GOLDBETA,EQ,703012,229556,32.65
20,1160,GOLDBND,EQ,57527,31013,53.91
20,1161,GOLDCASE,EQ,19827660,7755824,39.12
20,1162,GOLDETF,EQ,3299937,1509845,45.75
20,1163,GOLDIAM,EQ,388970,157658,40.53
20,1164,GOLDIETF,EQ,11959683,4370229,36.54
20,1165,GOLDKART,SM,1875,1875,100.00
20,1166,GOLDSTAR,ST,270000,247500,91.67
20,1167,GOLDTECH,EQ,12853,7668,59.66
20,1168,GOODLUCK,EQ,75159,35431,47.14
20,1169,GOPAL,EQ,196522,150167,76.41
20,1170,GOYALSALT,SM,600,600,100.00
20,1171,GPECO,SM,18600,15800,84.95
20,1172,GPIL,EQ,3581253,1434016,40.04
20,1173,GPPL,EQ,1567608,785692,50.12
20,1174,GPTHEALTH,EQ,138631,68270,49.25
20,1175,GPTINFRA,EQ,189573,126523,66.74
20,1176,GRANULES,EQ,1125959,770396,68.42
20,1177,GRAPHISAD,ST,15600,14400,92.31
20,1178,GRAPHITE,EQ,745529,264822,35.52
20,1179,GRASIM,EQ,1510096,978208,64.78
20,1180,GRAVITA,EQ,191365,114172,59.66
20,1181,GRCL,SM,4750,3000,63.16
20,1182,GREAVESCOT,EQ,1271796,559255,43.97
20,1183,GREENCHEF,SM,21600,20800,96.30
20,1184,GREENLAM,EQ,875002,776308,88.72
20,1185,GREENLEAF,SM,9000,4000,44.44
20,1186,GREENPANEL,EQ,66960,31598,47.19
20,1187,GREENPLY,EQ,108717,51748,47.60
20,1188,GREENPOWER,EQ,2865466,1425785,49.76
20,1189,GRETEX,SM,3750,3750,100.00
20,1190,GRINDWELL,EQ,70732,42704,60.37
20,1191,GRINFRA,EQ,141150,38546,27.31
20,1192,GRMOVER,EQ,1454272,231084,15.89
20,1193,GROBTEA,EQ,158,130,82.28
20,1194,GROWW,EQ,12200814,3764335,30.85
20,1195,GROWWCAPM,EQ,321650,217062,67.48
20,1196,GROWWCHEM,EQ,17545,8307,47.35
20,1197,GROWWDEFNC,EQ,222615,139184,62.52
20,1198,GROWWEV,EQ,341207,165755,48.58
20,1199,GROWWGOLD,EQ,4443690,1519466,34.19
20,1200,GROWWHOSPI,EQ,88998,43210,48.55
20,1201,GROWWLIQID,EQ,72240,37733,52.23
20,1202,GROWWLOVOL,EQ,21328,13255,62.15
20,1203,GROWWMC150,EQ,944,655,69.39
20,1204,GROWWMETAL,EQ,425215,233471,54.91
20,1205,GROWWMOM50,EQ,251701,163323,64.89
20,1206,GROWWN200,EQ,76453,60190,78.73
20,1207,GROWWNET,EQ,353243,251883,71.31
20,1208,GROWWNIFTY,EQ,901780,579716,64.29
20,1209,GROWWNXT50,EQ,4879,1761,36.09
20,1210,GROWWPOWER,EQ,5677041,4618705,81.36
20,1211,GROWWPSE,EQ,4045,2954,73.03
20,1212,GROWWRAIL,EQ,379962,272865,71.81
20,1213,GROWWRLTY,EQ,175428,91962,52.42
20,1214,GROWWSC250,EQ,240769,218673,90.82
20,1215,GROWWSLVR,EQ,8069419,1989454,24.65
20,1216,GRPLTD,EQ,4682,3244,69.29
20,1217,GRSE,EQ,489233,163185,33.36
20,1218,GRWRHITECH,EQ,37003,15165,40.98
20,1219,GSEC10ABSL,EQ,2,2,100.00
20,1220,GSEC10YEAR,EQ,1739,1499,86.20
20,1221,GSEC5IETF,EQ,15407,9684,62.85
20,1222,GSFC,EQ,1119288,658274,58.81
20,1223,GSLSU,EQ,87933,50842,57.82
20,1224,GSMFOILS,SM,11500,9500,82.61
20,1225,GSPL,EQ,608839,157955,25.94
20,1226,GSS,EQ,86426,72660,84.07
20,1227,GSTL,ST,50000,50000,100.00
20,1228,GTECJAINX,EQ,6239,5867,94.04
20,1229,GTL,EQ,335022,212170,63.33
20,1230,GTLINFRA,EQ,27334119,12776581,46.74
20,1231,GTPL,EQ,78964,38128,48.29
20,1232,GUFICBIO,EQ,34009,21665,63.70
20,1233,GUJALKALI,EQ,23569653,1518632,6.44
20,1234,GUJAPOLLO,EQ,213360,87097,40.82
20,1235,GUJGASLTD,EQ,1323027,340119,25.71
20,1236,GUJRAFFIA,EQ,1280,1160,90.63
20,1237,GUJTHEM,EQ,32213,17987,55.84
20,1238,GULFOILLUB,EQ,68227,41879,61.38
20,1239,GULFPETRO,EQ,124616,92928,74.57
20,1240,GULPOLY,EQ,64342,37714,58.61
20,1241,GURUNANAK,SM,8000,6400,80.00
20,1242,GVPTECH,EQ,1451646,390423,26.90
20,1243,GVPTECHPP,E1,33958,25343,74.63
20,1244,GVT&D,EQ,563851,320939,56.92
20,1245,HAL,EQ,1047650,487853,46.57
20,1246,HALDER,EQ,279,279,100.00
20,1247,HALEOSLABS,EQ,112,97,86.61
20,1248,HAPPSTMNDS,EQ,32020712,1297347,4.05
20,1249,HAPPYFORGE,EQ,42620,22415,52.59
20,1250,HARIOMPIPE,EQ,78722,37843,48.07
20,1251,HARRMALAYA,EQ,18292,10717,58.59
20,1252,HARSHA,EQ,12479,7529,60.33
20,1253,HATHWAY,EQ,2163457,991924,45.85
20,1254,HATSUN,EQ,54547,18816,34.50
20,1255,HAVELLS,EQ,811006,446103,55.01
20,1256,HAVISHA,EQ,42040,12808,30.47
20,1257,HBLENGINE,EQ,946550,443950,46.90
20,1258,HBSL,EQ,3485,3322,95.32
20,1259,HCC,EQ,20068506,9180247,45.74
20,1260,HCG,EQ,73752,37294,50.57
20,1261,HCL-INSYS,EQ,245528,195224,79.51
20,1262,HCLTECH,EQ,5050431,3215584,63.67
20,1263,HDBFS,EQ,1428720,1050841,73.55
20,1264,HDFCAMC,EQ,771952,457488,59.26
20,1265,HDFCBANK,EQ,103129469,66111622,64.11
20,1266,HDFCBSE500,EQ,30829,19562,63.45
20,1267,HDFCGOLD,EQ,24132392,10368652,42.97
20,1268,HDFCGROWTH,EQ,21032,10378,49.34
20,1269,HDFCLIFE,EQ,3012022,2008165,66.67
20,1270,HDFCLIQUID,EQ,9613,6730,70.01
20,1271,HDFCLOWVOL,EQ,19724,9789,49.63
20,1272,HDFCMID150,EQ,802465,561699,70.00
20,1273,HDFCMOMENT,EQ,271349,180525,66.53
20,1274,HDFCNEXT50,EQ,129374,96543,74.62
20,1275,HDFCNIF100,EQ,84296,68088,80.77
20,1276,HDFCNIFBAN,EQ,134820,108413,80.41
20,1277,HDFCNIFIT,EQ,308126,168257,54.61
20,1278,HDFCNIFTY,EQ,389119,288914,74.25
20,1279,HDFCPSUBK,EQ,35868,18533,51.67
20,1280,HDFCPVTBAN,EQ,225981,174763,77.34
20,1281,HDFCQUAL,EQ,15167,12113,79.86
20,1282,HDFCSENSEX,EQ,99231,79687,80.30
20,1283,HDFCSILVER,EQ,8021011,2422306,30.20
20,1284,HDFCSML250,EQ,1477559,1031783,69.83
20,1285,HDFCVALUE,EQ,6292,4246,67.48
20,1286,HEADSUP,EQ,46904,36328,77.45
20,1287,HEALTHADD,EQ,371,302,81.40
20,1288,HEALTHCARE,EQ,22121,16021,72.42
20,1289,HEALTHIETF,EQ,225745,179243,79.40
20,1290,HEALTHY,EQ,168707,122699,72.73
20,1291,HECPROJECT,EQ,4650,2997,64.45
20,1292,HEG,EQ,472019,131899,27.94
20,1293,HEIDELBERG,EQ,43234,27797,64.29
20,1294,HEMIPROP,EQ,702236,221855,31.59
20,1295,HERANBA,EQ,118482,61239,51.69
20,1296,HERITGFOOD,EQ,170467,94156,55.23
20,1297,HEROMOTOCO,EQ,1043098,651290,62.44
20,1298,HESTERBIO,EQ,4315,2714,62.90
20,1299,HEXATRADEX,EQ,17436,15183,87.08
20,1300,HEXT,EQ,2222981,1231891,55.42
20,1301,HFCL,EQ,11233604,4003897,35.64
20,1302,HGINFRA,EQ,231471,72535,31.34
20,1303,HGM,EQ,13519,12793,94.63
20,1304,HGS,EQ,42632,19408,45.52
20,1305,HIGREEN,SM,39200,34400,87.76
20,1306,HIKAL,EQ,376776,131020,34.77
20,1307,HILINFRA,EQ,127944,64549,50.45
20,1308,HILTON,EQ,267904,202870,75.72
20,1309,HIMATSEIDE,EQ,562181,327346,58.23
20,1310,HINDALCO,EQ,10063637,5362964,53.29
20,1311,HINDCOMPOS,EQ,3435,1990,57.93
20,1312,HINDCON,EQ,37644,27778,73.79
20,1313,HINDCOPPER,EQ,17030835,5132554,30.14
20,1314,HINDOILEXP,EQ,823572,414017,50.27
20,1315,HINDPETRO,EQ,24169602,10212093,42.25
20,1316,HINDUNILVR,EQ,2429744,1641208,67.55
20,1317,HINDWAREAP,EQ,224296,161317,71.92
20,1318,HINDZINC,EQ,10046753,5239405,52.15
20,1319,HIRECT,EQ,34358,13571,39.50
20,1320,HISARMETAL,EQ,56250,55440,98.56
20,1321,HITECH,EQ,813601,438909,53.95
20,1322,HITECHCORP,EQ,22223,17439,78.47
20,1323,HLEGLAS,EQ,87078,31445,36.11
20,1324,HLVLTD,EQ,516957,381531,73.80
20,1325,HMAAGRO,EQ,112137,69362,61.85
20,1326,HMVL,EQ,19022,13269,69.76
20,1327,HNDFDS,EQ,48885,25544,52.25
20,1328,HNGSNGBEES,EQ,155658,116162,74.63
20,1329,HOACFOODS,ST,2250,2250,100.00
20,1330,HOLMARC,SM,2250,2250,100.00
20,1331,HOMEFIRST,EQ,263233,141367,53.70
20,1332,HOMESFY,SM,1800,1800,100.00
20,1333,HONASA,EQ,732806,262236,35.79
20,1334,HONAUT,EQ,5327,3092,58.04
20,1335,HONDAPOWER,EQ,1941,1141,58.78
20,1336,HPAL,EQ,95055,59676,62.78
20,1337,HPIL,EQ,330,298,90.30
20,1338,HPL,EQ,240785,101323,42.08
20,1339,HRHNEXT,SM,13500,13500,100.00
20,1340,HSCL,EQ,2332864,344734,14.78
20,1341,HTMEDIA,EQ,140755,87761,62.35
20,1342,HUBTOWN,EQ,962722,651449,67.67
20,1343,HUDCO,EQ,2467871,890092,36.07
20,1344,HUHTAMAKI,EQ,104840,59711,56.95
20,1345,HVAX,SM,300,300,100.00
20,1346,HYBRIDFIN,EQ,9796,8123,82.92
20,1347,HYUNDAI,EQ,678486,489575,72.16
20,1348,IBULLSLTD,EQ,5288817,3494149,66.07
20,1349,ICEMAKE,EQ,32871,17658,53.72
20,1350,ICICIAMC,EQ,336772,190879,56.68
20,1351,ICICIB22,EQ,973124,797238,81.93
20,1352,ICICIBANK,EQ,16421006,11685036,71.16
20,1353,ICICIGI,EQ,380679,222955,58.57
20,1354,ICICIPRULI,EQ,1215752,799448,65.76
20,1355,ICIL,EQ,151082,66963,44.32
20,1356,ICRA,EQ,3436,2774,80.73
20,1357,IDBI,EQ,32507084,8086226,24.88
20,1358,IDEA,EQ,612165493,134411993,21.96
20,1359,IDEAFORGE,EQ,325070,82774,25.46
20,1360,IDENTICAL,SM,6000,6000,100.00
20,1361,IDFCFIRSTB,EQ,28941537,15266205,52.75
20,1362,IDFNIFTYET,EQ,1592,1370,86.06
20,1363,IEML,SM,33000,23500,71.21
20,1364,IEX,EQ,5086862,2263528,44.50
20,1365,IFBAGRO,EQ,14704,6614,44.98
20,1366,IFBIND,EQ,87514,41344,47.24
20,1367,IFCI,EQ,7616054,2206975,28.98
20,1368,IFGLEXPOR,EQ,19424,10985,56.55
20,1369,IGARASHI,EQ,40938,27447,67.05
20,1370,IGCL,EQ,527384,454262,86.13
20,1371,IGIL,EQ,718001,215313,29.99
20,1372,IGL,EQ,2525650,1422296,56.31
20,1373,IGPL,EQ,91584,64793,70.75
20,1374,IIFL,EQ,1284553,534058,41.58
20,1375,IIFL060326,YA,10,10,100.00
20,1376,IIFLCAPS,EQ,523044,287273,54.92
20,1377,IIFLZC28B,Y1,200,200,100.00
20,1378,IIFLZC28C,N6,88,88,100.00
20,1379,IITL,EQ,24348,6210,25.51
20,1380,IKIO,EQ,134217,49561,36.93
20,1381,IKS,EQ,381923,201603,52.79
20,1382,IMAGICAA,EQ,630323,412043,65.37
20,1383,IMFA,EQ,50877,20500,40.29
20,1384,IMPAL,EQ,1279,767,59.97
20,1385,INA,EQ,917979,709686,77.31
20,1386,INCREDIBLE,EQ,7999,2183,27.29
20,1387,INDBANK,EQ,43835,28660,65.38
20,1388,INDGN,EQ,196970,111361,56.54
20,1389,INDHOTEL,EQ,1743429,991789,56.89
20,1390,INDIACEM,EQ,114852,42043,36.61
20,1391,INDIAGLYCO,EQ,120816,53506,44.29
20,1392,INDIAMART,EQ,135768,99254,73.11
20,1393,INDIANB,EQ,3265910,1585218,48.54
20,1394,INDIANCARD,EQ,5146,4254,82.67
20,1395,INDIANHUME,EQ,13820,7948,57.51
20,1396,INDIASHLTR,EQ,125833,56240,44.69
20,1397,INDIGO,EQ,1888215,1184055,62.71
20,1398,INDIGOPNTS,EQ,175106,84502,48.26
20,1399,INDIGRID,IV,4788889,4402044,91.92
20,1400,INDIQUBE,EQ,171313,38725,22.60
20,1401,INDNIPPON,EQ,11081,6070,54.78
20,1402,INDOAMIN,EQ,116160,66729,57.45
20,1403,INDOBORAX,EQ,86396,82230,95.18
20,1404,INDOCO,EQ,24627,15242,61.89
20,1405,INDOFARM,EQ,140904,64528,45.80
20,1406,INDORAMA,EQ,274486,233748,85.16
20,1407,INDOSTAR,EQ,173010,130780,75.59
20,1408,INDOTECH,EQ,16755,9103,54.33
20,1409,INDOTHAI,EQ,348318,165117,47.40
20,1410,INDOUS,EQ,50832,13392,26.35
20,1411,INDOWIND,EQ,304368,208514,68.51
20,1412,INDRAMEDCO,EQ,242917,127516,52.49
20,1413,INDSWFTLAB,EQ,141814,73849,52.07
20,1414,INDTERRAIN,EQ,63751,39686,62.25
20,1415,INDUSINDBK,EQ,7872290,4694954,59.64
20,1416,INDUSINVIT,IV,80596,70606,87.60
20,1417,INDUSTOWER,EQ,5436700,3172018,58.34
20,1418,INFINIUM,SM,9000,9000,100.00
20,1419,INFLUX,SM,20400,13800,67.65
20,1420,INFOBEAN,EQ,703982,140647,19.98
20,1421,INFOLLION,SM,6400,4400,68.75
20,1422,INFOMEDIA,EQ,12339,5249,42.54
20,1423,INFRA,EQ,14239,9076,63.74
20,1424,INFRABEES,EQ,10551,5022,47.60
20,1425,INFRAIETF,EQ,384974,241786,62.81
20,1426,INFY,EQ,27299975,13670533,50.08
20,1427,INGERRAND,EQ,8255,5301,64.22
20,1428,INM,SM,5400,5400,100.00
20,1429,INNOMET,SM,6600,5400,81.82
20,1430,INNOVACAP,EQ,14389,6190,43.02
20,1431,INNOVANA,EQ,14391,12104,84.11
20,1432,INOXGREEN,EQ,69053350,3996119,5.79
20,1433,INOXINDIA,EQ,248088,100417,40.48
20,1434,INOXWIND,EQ,29339790,4688116,15.98
20,1435,INSECTICID,EQ,33821,28590,84.53
20,1436,INTELLECT,EQ,465296,233670,50.22
20,1437,INTENTECH,EQ,51292,35071,68.38
20,1438,INTERARCH,EQ,44407,21897,49.31
20,1439,INTERNET,EQ,239143,211241,88.33
20,1440,INTLCONV,EQ,48814,34381,70.43
20,1441,INVENTURE,EQ,959768,831744,86.66
20,1442,INVICTA,SM,52800,19200,36.36
20,1443,IOB,EQ,28220266,13371036,47.38
20,1444,IOC,EQ,34636614,20317063,58.66
20,1445,IOLCP,EQ,1490204,620968,41.67
20,1446,IONEXCHANG,EQ,169753,87794,51.72
20,1447,IPCALAB,EQ,196016,92285,47.08
20,1448,IPHL,SM,2400,2400,100.00
20,1449,IPL,EQ,160313,90241,56.29
20,1450,IPSL,SM,20500,20500,100.00
20,1451,IRB,EQ,7351858,3746630,50.96
20,1452,IRBINVIT,IV,2981729,2490504,83.53
20,1453,IRCON,EQ,2683581,1059487,39.48
20,1454,IRCTC,EQ,1740070,742782,42.69
20,1455,IREDA,EQ,12638739,3946162,31.22
20,1456,IRFC,EQ,14353015,4504942,31.39
20,1457,IRIS,EQ,20102,9573,47.62
20,1458,IRISDOREME,EQ,289891,94632,32.64
20,1459,IRMENERGY,EQ,79084,40627,51.37
20,1460,ISFT,EQ,20150,11218,55.67
20,1461,ISGEC,EQ,37128,20882,56.24
20,1462,ISHANCH,EQ,3653,1781,48.75
20,1463,IT,EQ,359657,179526,49.92
20,1464,ITADD,EQ,149693,122176,81.62
20,1465,ITALIANE,ST,6000,6000,100.00
20,1466,ITBEES,EQ,19507080,8433352,43.23
20,1467,ITBETA,EQ,3482,3369,96.75
20,1468,ITC,EQ,58679529,43890464,74.80
20,1469,ITCHOTELS,EQ,17577846,11922942,67.83
20,1470,ITDC,EQ,26713,12566,47.04
20,1471,ITETF,EQ,673835,422426,62.69
20,1472,ITI,EQ,2147397,204753,9.53
20,1473,ITIETF,EQ,2540294,1849008,72.79
20,1474,IVALUE,EQ,160771,80860,50.30
20,1475,IVC,EQ,169717,133236,78.50
20,1476,IVP,EQ,17099,15691,91.77
20,1477,IVZINGOLD,EQ,1473,757,51.39
20,1478,IVZINNIFTY,EQ,162,129,79.63
20,1479,IWARE,ST,4800,4800,100.00
20,1480,IXIGO,EQ,10272041,5292246,51.52
20,1481,J&KBANK,EQ,5729608,1835770,32.04
20,1482,JAGRAN,EQ,182410,134782,73.89
20,1483,JAGSNPHARM,EQ,162404,97523,60.05
20,1484,JAIBALAJI,EQ,4676522,1659768,35.49
20,1485,JAICORPLTD,EQ,19631526,983606,5.01
20,1486,JAINAM,SM,500,500,100.00
20,1487,JAINIK,SM,96000,93600,97.50
20,1488,JAINREC,EQ,1288966,553501,42.94
20,1489,JAIPURKURT,EQ,30476,24371,79.97
20,1490,JALAN,SM,18000,18000,100.00
20,1491,JAMNAAUTO,EQ,2626190,1226391,46.70
20,1492,JARO,EQ,466587,98669,21.15
20,1493,JASH,EQ,71252,35888,50.37
20,1494,JAYAGROGN,EQ,5312,4288,80.72
20,1495,JAYBARMARU,EQ,169221,94603,55.90
20,1496,JAYBEE,SM,183000,165000,90.16
20,1497,JAYESH,SM,22000,11000,50.00
20,1498,JAYKAY,EQ,65949,41169,62.43
20,1499,JAYNECOIND,EQ,6742536,2836252,42.07
20,1500,JAYSREETEA,EQ,130815,69270,52.95
20,1501,JBCHEPHARM,EQ,467550,303229,64.85
20,1502,JBMA,EQ,15985739,877809,5.49
20,1503,JETFREIGHT,EQ,59051,53827,91.15
20,1504,JEYYAM,SM,94000,62000,65.96
20,1505,JFLLIFE,SM,54000,48000,88.89
20,1506,JGCHEM,EQ,60745,33250,54.74
20,1507,JHS,EQ,269873,237297,87.93
20,1508,JINDALPHOT,EQ,4813,2490,51.73
20,1509,JINDALPOLY,EQ,557616,279368,50.10
20,1510,JINDALSAW,EQ,3392548,1065112,31.40
20,1511,JINDALSTEL,EQ,1998983,702469,35.14
20,1512,JINDRILL,EQ,450415,69836,15.50
20,1513,JINDWORLD,EQ,324479,165092,50.88
20,1514,JIOFIN,EQ,15021105,7795280,51.90
20,1515,JISLDVREQS,EQ,41988,37272,88.77
20,1516,JISLJALEQS,EQ,7508754,4967530,66.16
20,1517,JKCEMENT,EQ,194793,146172,75.04
20,1518,JKIL,EQ,239662,177364,74.01
20,1519,JKIPL,EQ,79189,52799,66.67
20,1520,JKLAKSHMI,EQ,104983,55678,53.04
20,1521,JKPAPER,EQ,185147,78807,42.56
20,1522,JKTYRE,EQ,818278,247215,30.21
20,1523,JLHL,EQ,16745,6417,38.32
20,1524,JMA,EQ,4111,3272,79.59
20,1525,JMFINANCIL,EQ,1800489,565569,31.41
20,1526,JNKINDIA,EQ,96657,39001,40.35
20,1527,JOCIL,EQ,3775,1984,52.56
20,1528,JPOLYINVST,EQ,35033,10662,30.43
20,1529,JPPOWER,EQ,289308782,34255397,11.84
20,1530,JSFB,EQ,183529,105264,57.36
20,1531,JSL,EQ,623699,365815,58.65
20,1532,JSLL,EQ,145432,92604,63.68
20,1533,JSWCEMENT,EQ,1699230,481746,28.35
20,1534,JSWENERGY,EQ,4377294,2041481,46.64
20,1535,JSWHL,EQ,64886,42032,64.78
20,1536,JSWINFRA,EQ,1277691,806836,63.15
20,1537,JSWSTEEL,EQ,3580084,1815699,50.72
20,1538,JTEKTINDIA,EQ,73839,43736,59.23
20,1539,JTLIND,EQ,2819663,760545,26.97
20,1540,JUBLCPL,EQ,5789,2405,41.54
20,1541,JUBLFOOD,EQ,1623484,989919,60.97
20,1542,JUBLINGREA,EQ,250811,156434,62.37
20,1543,JUBLPHARMA,EQ,91364,50194,54.94
20,1544,JUNIORBEES,EQ,547732,397212,72.52
20,1545,JUNIPER,EQ,77655,39790,51.24
20,1546,JUSTDIAL,EQ,146242,74446,50.91
20,1547,JWL,EQ,1412809,362028,25.62
20,1548,JYOTHYLAB,EQ,703408,290113,41.24
20,1549,JYOTICNC,EQ,336750,107735,31.99
20,1550,JYOTIGLOBL,SM,24000,18000,75.00
20,1551,JYOTISTRUC,EQ,10329811,4412331,42.71
20,1552,K2INFRA,SM,53400,52200,97.75
20,1553,KABRAEXTRU,EQ,15128,7934,52.45
20,1554,KAJARIACER,EQ,200700,105273,52.45
20,1555,KAKATCEM,EQ,13498,12465,92.35
20,1556,KALAMANDIR,EQ,415470,198116,47.68
20,1557,KALANA,ST,12000,8000,66.67
20,1558,KALPATARU,EQ,37740,16609,44.01
20,1559,KALYANIFRG,EQ,996,710,71.29
20,1560,KALYANKJIL,EQ,3043574,1002805,32.95
20,1561,KAMATHOTEL,EQ,42830,32504,75.89
20,1562,KAMDHENU,EQ,729617,388514,53.25
20,1563,KAMOPAINTS,EQ,235455,139417,59.21
20,1564,KANANIIND,EQ,66924,44268,66.15
20,1565,KANDARP,SM,7000,5000,71.43
20,1566,KANORICHEM,EQ,21617,12337,57.07
20,1567,KANPRPLA,EQ,5744,5031,87.59
20,1568,KANSAINER,EQ,556926,311327,55.90
20,1569,KARMAENG,EQ,6617,4000,60.45
20,1570,KARNIKA,SM,14000,13000,92.86
20,1571,KARURVYSYA,EQ,3584979,2408181,67.17
20,1572,KATARIA,SM,9000,7200,80.00
20,1573,KAUSHALYA,EQ,232,144,62.07
20,1574,KAYA,EQ,23718,17138,72.26
20,1575,KAYNES,EQ,1141147,235695,20.65
20,1576,KAYTEX,SM,9600,8000,83.33
20,1577,KCEIL,SM,25000,18000,72.00
20,1578,KCK,SM,747500,687500,91.97
20,1579,KCP,EQ,396620,257944,65.04
20,1580,KCPSUGIND,EQ,459951,297900,64.77
20,1581,KDDL,EQ,28980,24229,83.61
20,1582,KDL,ST,15600,14400,92.31
20,1583,KEC,EQ,506787,230773,45.54
20,1584,KECL,EQ,261207,106240,40.67
20,1585,KEEPLEARN,EQ,20589,16200,78.68
20,1586,KEI,EQ,241373,86933,36.02
20,1587,KEL,SM,1200,1200,100.00
20,1588,KELLTONTEC,EQ,1268259,674787,53.21
20,1589,KEN,SM,16800,13200,78.57
20,1590,KERNEX,EQ,99414,47409,47.69
20,1591,KEYFINSERV,EQ,820,571,69.63
20,1592,KFINTECH,EQ,525241,226966,43.21
20,1593,KHADIM,EQ,191937,86502,45.07
20,1594,KHAICHEM,EQ,282731,126465,44.73
20,1595,KHAITANLTD,EQ,509,208,40.86
20,1596,KHANDSE,EQ,2244,1984,88.41
20,1597,KICL,EQ,1560,921,59.04
20,1598,KILITCH,EQ,23313,15511,66.53
20,1599,KIMS,EQ,282658,104628,37.02
20,1600,KINGFA,EQ,2392,1484,62.04
20,1601,KIOCL,EQ,13932008,707497,5.08
20,1602,KIRIINDUS,EQ,627117,447005,71.28
20,1603,KIRLOSBROS,EQ,46900,12378,26.39
20,1604,KIRLOSENG,EQ,284824,101311,35.57
20,1605,KIRLOSIND,EQ,6577,3685,56.03
20,1606,KIRLPNU,EQ,29894,14891,49.81
20,1607,KITEX,EQ,367306,140183,38.17
20,1608,KKCL,EQ,71813,40656,56.61
20,1609,KKJEWELS,SM,18000,14000,77.78
20,1610,KLL,SM,33600,31200,92.86
20,1611,KMEW,EQ,31689,9907,31.26
20,1612,KMSUGAR,EQ,238696,111467,46.70
20,1613,KNAGRI,EQ,70259,66337,94.42
20,1614,KNRCON,EQ,1458778,725536,49.74
20,1615,KODYTECH,ST,3100,3100,100.00
20,1616,KOHINOOR,EQ,131833,28630,21.72
20,1617,KOKUYOCMLN,EQ,70197,52127,74.26
20,1618,KOLTEPATIL,EQ,96070,68423,71.22
20,1619,KONSTELEC,SM,8000,8000,100.00
20,1620,KONTOR,SM,4800,4800,100.00
20,1621,KOPRAN,EQ,220912,90474,40.95
20,1622,KORE,SM,500,500,100.00
20,1623,KOTAKBANK,EQ,17077194,10401815,60.91
20,1624,KOTARISUG,EQ,67087,29862,44.51
20,1625,KOTHARIPET,EQ,35567,27273,76.68
20,1626,KOTHARIPRO,EQ,16473,14667,89.04
20,1627,KOTYARK,EQ,28305,21210,74.93
20,1628,KPEL,EQ,169429,92564,54.63
20,1629,KPIGREEN,EQ,661990,172625,26.08
20,1630,KPIL,EQ,151452,71980,47.53
20,1631,KPITTECH,EQ,1948255,840510,43.14
20,1632,KPRMILL,EQ,181334,68565,37.81
20,1633,KRBL,EQ,998821,469952,47.05
20,1634,KREBSBIO,EQ,294,265,90.14
20,1635,KRIDHANINF,EQ,173598,102658,59.14
20,1636,KRISHANA,EQ,67229,35943,53.46
20,1637,KRISHCA,SM,11000,8500,77.27
20,1638,KRISHIVAL,EQ,7260,6878,94.74
20,1639,KRISHNADEF,EQ,67777,29201,43.08
20,1640,KRISHPP,E1,205,205,100.00
20,1641,KRITI,EQ,95147,68434,71.92
20,1642,KRITIKA,EQ,217720,171463,78.75
20,1643,KRITINUT,EQ,17108,10711,62.61
20,1644,KRMAYURVED,SM,124000,68000,54.84
20,1645,KRN,EQ,873002,155782,17.84
20,1646,KRONOX,EQ,28170,15002,53.26
20,1647,KROSS,EQ,952813,425906,44.70
20,1648,KRSNAA,EQ,44248,28057,63.41
20,1649,KRT,RR,24207900,16141796,66.68
20,1650,KRYSTAL,EQ,3916,1774,45.30
20,1651,KSB,EQ,388129,168699,43.46
20,1652,KSCL,EQ,547588,217146,39.65
20,1653,KSHINTL,EQ,698575,301446,43.15
20,1654,KSL,EQ,106022,40891,38.57
20,1655,KSOLVES,EQ,28191,14015,49.71
20,1656,KTKBANK,EQ,3775657,1407111,37.27
20,1657,KUANTUM,EQ,27164,16759,61.70
20,1658,KWIL,EQ,11253763,6962750,61.87
20,1659,LAGNAM,EQ,14102,9468,67.14
20,1660,LAKSHYA,SM,8800,6400,72.73
20,1661,LAL,EQ,52830,28713,54.35
20,1662,LALPATHLAB,EQ,435450,306699,70.43
20,1663,LAMBODHARA,EQ,9220,7896,85.64
20,1664,LAMOSAIC,SM,58200,55800,95.88
20,1665,LANDMARK,EQ,145204,107142,73.79
20,1666,LAOPALA,EQ,82749,69186,83.61
20,1667,LASA,EQ,68794,55827,81.15
20,1668,LATENTVIEW,EQ,762761,356315,46.71
20,1669,LATTEYS,EQ,48711,33323,68.41
20,1670,LAURUSLABS,EQ,1763554,821794,46.60
20,1671,LAXMIDENTL,EQ,113997,39942,35.04
20,1672,LAXMIINDIA,EQ,153695,85974,55.94
20,1673,LEMERITE,EQ,28222,14682,52.02
20,1674,LEMONTREE,EQ,2373085,996802,42.00
20,1675,LENSKART,EQ,3817550,2152754,56.39
20,1676,LFIC,EQ,5515,3693,66.96
20,1677,LGBBROSLTD,EQ,46437,20049,43.17
20,1678,LGEINDIA,EQ,708687,456243,64.38
20,1679,LGHL,EQ,110254,82001,74.37
20,1680,LIBAS,EQ,46558,43083,92.54
20,1681,LIBERTSHOE,EQ,14950,7629,51.03
20,1682,LICHSGFIN,EQ,1165789,588869,50.51
20,1683,LICI,EQ,1045598,535628,51.23
20,1684,LICMFGOLD,EQ,244595,122604,50.13
20,1685,LICNETFGSC,EQ,42697,5839,13.68
20,1686,LICNETFN50,EQ,761,760,99.87
20,1687,LICNETFSEN,EQ,150,92,61.33
20,1688,LICNFNHGP,EQ,209,177,84.69
20,1689,LICNMID100,EQ,3592,3449,96.02
20,1690,LIKHITHA,EQ,35340,19466,55.08
20,1691,LINC,EQ,21823,12593,57.71
20,1692,LINCOLN,EQ,35511,18242,51.37
20,1693,LINDEINDIA,EQ,35247,13070,37.08
20,1694,LIQGRWBEES,EQ,117220,97147,82.88
20,1695,LIQUID,EQ,62113,34112,54.92
20,1696,LIQUID1,EQ,1064966,683500,64.18
20,1697,LIQUIDADD,EQ,904692,571367,63.16
20,1698,LIQUIDBEES,EQ,2486750,2173183,87.39
20,1699,LIQUIDBETF,EQ,146830,111469,75.92
20,1700,LIQUIDCASE,EQ,17956778,14036787,78.17
20,1701,LIQUIDETF,EQ,171856,128068,74.52
20,1702,LIQUIDIETF,EQ,972130,667203,68.63
20,1703,LIQUIDPLUS,EQ,433921,388771,89.59
20,1704,LIQUIDSBI,EQ,12553,8215,65.44
20,1705,LIQUIDSHRI,EQ,2649,2612,98.60
20,1706,LLOYDS,SM,2000,2000,100.00
20,1707,LLOYDSENGG,EQ,2275152,930422,40.89
20,1708,LLOYDSENT,EQ,3797703,2137398,56.28
20,1709,LLOYDSME,EQ,1463549,515715,35.24
20,1710,LMW,EQ,4186,2660,63.55
20,1711,LODHA,EQ,2237596,1231558,55.04
20,1712,LOKESHMACH,EQ,51806,27890,53.84
20,1713,LORDSCHLO,EQ,5510,2939,53.34
20,1714,LOTUSDEV,EQ,2238717,1666937,74.46
20,1715,LOTUSEYE,EQ,7571,5967,78.81
20,1716,LOVABLE,EQ,21627,15383,71.13
20,1717,LOWVOL,EQ,4508,2700,59.89
20,1718,LOWVOL1,EQ,118417,100629,84.98
20,1719,LOWVOLIETF,EQ,512052,305020,59.57
20,1720,LPDC,EQ,32408,25594,78.97
20,1721,LRRPL,SM,27000,27000,100.00
20,1722,LT,EQ,4743217,2948775,62.17
20,1723,LTF,EQ,6384030,2183606,34.20
20,1724,LTFOODS,EQ,399854,158705,39.69
20,1725,LTGILTBEES,EQ,1410471,1144510,81.14
20,1726,LTGILTCASE,EQ,225325,211904,94.04
20,1727,LTM,EQ,1110895,367385,33.07
20,1728,LTTS,EQ,159292,45212,28.38
20,1729,LUMAXIND,EQ,14978,5648,37.71
20,1730,LUMAXTECH,EQ,134099,35855,26.74
20,1731,LUPIN,EQ,1089433,630344,57.86
20,1732,LUXIND,EQ,48362,27466,56.79
20,1733,LXCHEM,EQ,538123,291655,54.20
20,1734,LYKALABS,EQ,215202,133940,62.24
20,1735,LYPSAGEMS,EQ,24203,14046,58.03
20,1736,M&M,EQ,4471960,2793383,62.46
20,1737,M&MFIN,EQ,1431140,609150,42.56
20,1738,M&MFIN,N3,18,18,100.00
20,1739,MACOBSTECH,SM,5600,4000,71.43
20,1740,MACPOWER,EQ,30549,18568,60.78
20,1741,MADHAV,EQ,15452,13568,87.81
20,1742,MADHAVBAUG,SM,2000,2000,100.00
20,1743,MADHUCON,EQ,39915,33721,84.48
20,1744,MADHUSUDAN,SM,2000,2000,100.00
20,1745,MADRASFERT,EQ,107187,60001,55.98
20,1746,MAFANG,EQ,126016,125425,99.53
20,1747,MAGADSUGAR,EQ,47740,22249,46.60
20,1748,MAGNUM,EQ,80891,54109,66.89
20,1749,MAHABANK,EQ,32971130,15199009,46.10
20,1750,MAHAPEXLTD,EQ,183679,92613,50.42
20,1751,MAHEPC,EQ,34474,26987,78.28
20,1752,MAHESHWARI,EQ,122558,115004,93.84
20,1753,MAHICKRA,ST,8250,6750,81.82
20,1754,MAHKTECH,EQ,988289,638032,64.56
20,1755,MAHLIFE,EQ,97690,54971,56.27
20,1756,MAHLOG,EQ,188356,91809,48.74
20,1757,MAHSCOOTER,EQ,1926,1202,62.41
20,1758,MAHSEAMLES,EQ,126663,67866,53.58
20,1759,MAITHANALL,EQ,78144,38345,49.07
20,1760,MAITREYA,SM,2400,2000,83.33
20,1761,MAKEINDIA,EQ,43728,38125,87.19
20,1762,MAL,SM,222400,220800,99.28
20,1763,MALLCOM,EQ,4434,2995,67.55
20,1764,MALUPAPER,EQ,5400,3484,64.52
20,1765,MAMATA,EQ,78492,40998,52.23
20,1766,MANAKCOAT,EQ,213545,115244,53.97
20,1767,MANAKSIA,EQ,22338,16947,75.87
20,1768,MANAKSTEEL,EQ,18225,16411,90.05
20,1769,MANALIPETC,EQ,216908,116745,53.82
20,1770,MANAPPURAM,EQ,3301085,1243980,37.68
20,1771,MANAV,ST,4000,4000,100.00
20,1772,MANBA,EQ,147197,90372,61.40
20,1773,MANCREDIT,EQ,106371,57516,54.07
20,1774,MANDEEP,SM,12000,10000,83.33
20,1775,MANGLMCEM,EQ,77622,42982,55.37
20,1776,MANILAM,SM,68000,68000,100.00
20,1777,MANINDS,EQ,300250,88680,29.54
20,1778,MANINFRA,EQ,454573,278550,61.28
20,1779,MANKIND,EQ,1185624,603621,50.91
20,1780,MANOMAY,EQ,47873,10271,21.45
20,1781,MANORAMA,EQ,63142,32312,51.17
20,1782,MANORG,EQ,2777,2415,86.96
20,1783,MANUFGBEES,EQ,2406,2119,88.07
20,1784,MANUGRAPH,EQ,29068,24208,83.28
20,1785,MANYAVAR,EQ,740530,373510,50.44
20,1786,MAPMYINDIA,EQ,833767,94422,11.32
20,1787,MARALOVER,EQ,16073,14343,89.24
20,1788,MARATHON,EQ,80752,39283,48.65
20,1789,MARC,SM,2400,1200,50.00
20,1790,MARICO,EQ,1478190,991169,67.05
20,1791,MARINE,EQ,403911,225823,55.91
20,1792,MARKOLINES,EQ,254299,101274,39.82
20,1793,MARKSANS,EQ,1145396,691979,60.41
20,1794,MARSONS,EQ,479939,89871,18.73
20,1795,MARUSHIKA,SM,16800,15600,92.86
20,1796,MARUTI,EQ,725481,455782,62.82
20,1797,MASFIN,EQ,127811,77646,60.75
20,1798,MASKINVEST,EQ,510,398,78.04
20,1799,MASON,SM,16000,14000,87.50
20,1800,MASPTOP50,EQ,207589,131434,63.31
20,1801,MASTEK,EQ,84703,35964,42.46
20,1802,MASTER,SM,500,500,100.00
20,1803,MASTERTR,EQ,94155,60802,64.58
20,1804,MATRIMONY,EQ,80065,44845,56.01
20,1805,MAWANASUG,EQ,184347,100250,54.38
20,1806,MAXESTATES,EQ,99592,29834,29.96
20,1807,MAXHEALTH,EQ,3883207,2444572,62.95
20,1808,MAXIND,EQ,34602,20177,58.31
20,1809,MAXPOSURE,SM,4000,4000,100.00
20,1810,MAXVOLT,SM,66400,54400,81.93
20,1811,MAYASHEEL,SM,96000,81000,84.38
20,1812,MAYURUNIQ,EQ,62623,40017,63.90
20,1813,MAZDA,EQ,36596,19188,52.43
20,1814,MAZDOCK,EQ,1409370,387725,27.51
20,1815,MBAPL,EQ,940900,700482,74.45
20,1816,MBEL,EQ,85217,40773,47.85
20,1817,MBLINFRA,EQ,190196,94438,49.65
20,1818,MCLEODRUSS,EQ,431883,231215,53.54
20,1819,MCLOUD,EQ,624144,367497,58.88
20,1820,MCON,ST,5000,5000,100.00
20,1821,MCX,EQ,5214539,2023791,38.81
20,1822,MDL,SM,90000,87000,96.67
20,1823,MEDANTA,EQ,462887,384891,83.15
20,1824,MEDIASSIST,EQ,216031,109948,50.89
20,1825,MEDICAMEQ,EQ,35126,21388,60.89
20,1826,MEDICO,EQ,466780,331119,70.94
20,1827,MEDIORG,SM,26000,24000,92.31
20,1828,MEDISTEP,ST,9000,9000,100.00
20,1829,MEDPLUS,EQ,88655,50085,56.49
20,1830,MEESHO,EQ,3376240,1746511,51.73
20,1831,MEGAFLEX,ST,3000,3000,100.00
20,1832,MEGASTAR,EQ,7974,6183,77.54
20,1833,MEGATHERM,SM,15200,11200,73.68
20,1834,MEIL,EQ,76694,41179,53.69
20,1835,MENONBE,EQ,74059,19859,26.82
20,1836,METAL,EQ,6509075,2120640,32.58
20,1837,METALIETF,EQ,7902939,3346297,42.34
20,1838,METROBRAND,EQ,63724,31152,48.89
20,1839,METROPOLIS,EQ,486555,133416,27.42
20,1840,MFML,EQ,1572,1459,92.81
20,1841,MFSL,EQ,1037290,705198,67.98
20,1842,MGEL,EQ,266953,163949,61.41
20,1843,MGL,EQ,771478,327182,42.41
20,1844,MGSL,SM,1200,1200,100.00
20,1845,MHHL,SM,48000,46500,96.88
20,1846,MHLXMIRU,EQ,539,430,79.78
20,1847,MHRIL,EQ,51847,27826,53.67
20,1848,MICEL,EQ,593112,267605,45.12
20,1849,MICROPRO,SM,9600,8000,83.33
20,1850,MID150,EQ,110894,90659,81.75
20,1851,MID150BEES,EQ,1085615,704616,64.90
20,1852,MID150CASE,EQ,2366845,1507969,63.71
20,1853,MIDCAP,EQ,634479,455926,71.86
20,1854,MIDCAPADD,EQ,17394,15384,88.44
20,1855,MIDCAPBETA,EQ,4247,3186,75.02
20,1856,MIDCAPETF,EQ,4050773,2678377,66.12
20,1857,MIDCAPIETF,EQ,1842282,1195826,64.91
20,1858,MIDHANI,EQ,594584,200005,33.64
20,1859,MIDQ50ADD,EQ,36773,32329,87.92
20,1860,MIDSELIETF,EQ,726481,515737,70.99
20,1861,MIDSMALL,EQ,710578,441020,62.06
20,1862,MIDWESTLTD,EQ,42446,12457,29.35
20,1863,MIEL,SM,10000,10000,100.00
20,1864,MINDACORP,EQ,199397,102328,51.32
20,1865,MINDSPACE,RR,2139765,1719445,80.36
20,1866,MINDTECK,EQ,76096,41035,53.93
20,1867,MIRCELECTR,EQ,377694,225360,59.67
20,1868,MIRZAINT,EQ,363448,225143,61.95
20,1869,MITCON,EQ,8857,7452,84.14
20,1870,MITTAL,EQ,1031642,760255,73.69
20,1871,MKPL,EQ,138079,103267,74.79
20,1872,MMEL,SM,44000,44000,100.00
20,1873,MMFL,EQ,27758,12921,46.55
20,1874,MMP,EQ,16411,10651,64.90
20,1875,MMTC,EQ,10856978,1273690,11.73
20,1876,MNC,EQ,73796,59482,80.60
20,1877,MOALPHA50,EQ,2834,2230,78.69
20,1878,MOBIKWIK,EQ,512264,142452,27.81
20,1879,MOBILISE,SM,107200,88000,82.09
20,1880,MOCAPITAL,EQ,606517,511587,84.35
20,1881,MODEFENCE,EQ,2370658,1543977,65.13
20,1882,MODINATUR,EQ,6821,5317,77.95
20,1883,MODIRUBBER,EQ,7088,5679,80.12
20,1884,MODIS,EQ,106381,55730,52.39
20,1885,MODISONLTD,EQ,27520,16152,58.69
20,1886,MODTHREAD,EQ,173,171,98.84
20,1887,MOENERGY,EQ,170542,124956,73.27
20,1888,MOGOLD,EQ,305382,70213,22.99
20,1889,MOGSEC,EQ,9434,7183,76.14
20,1890,MOHEALTH,EQ,41090,25477,62.00
20,1891,MOHITIND,EQ,15058,11782,78.24
20,1892,MOIL,EQ,1866931,287538,15.40
20,1893,MOINFRA,EQ,7816,3547,45.38
20,1894,MOKSH,EQ,61269,49335,80.52
20,1895,MOL,EQ,845071,417724,49.43
20,1896,MOLDTECH,EQ,44290,34793,78.56
20,1897,MOLDTKPAC,EQ,33092,16515,49.91
20,1898,MOLOWVOL,EQ,42441,42253,99.56
20,1899,MOM100,EQ,559598,406138,72.58
20,1900,MOM30IETF,EQ,1239716,810704,65.39
20,1901,MOM50,EQ,9233,8032,86.99
20,1902,MOMENTUM,EQ,44436,32590,73.34
20,1903,MOMENTUM30,EQ,21902,13055,59.61
20,1904,MOMENTUM50,EQ,525048,417706,79.56
20,1905,MOMGF,EQ,3821,3546,92.80
20,1906,MOMIDMTM,EQ,170796,77379,45.30
20,1907,MOMNC,EQ,594,380,63.97
20,1908,MOMOMENTUM,EQ,89137,46042,51.65
20,1909,MON100,EQ,637679,350994,55.04
20,1910,MON50EQUAL,EQ,1879,675,35.92
20,1911,MONARCH,EQ,53596,32590,60.81
20,1912,MONEXT50,EQ,4880,3156,64.67
20,1913,MONEYBOXX,EQ,12128,9265,76.39
20,1914,MONIFTY100,EQ,4540,2511,55.31
20,1915,MONIFTY500,EQ,1517946,893849,58.89
20,1916,MONOLITH,SM,10750,7250,67.44
20,1917,MONOPHARMA,SM,4000,4000,100.00
20,1918,MONQ50,EQ,64674,34797,53.80
20,1919,MONTECARLO,EQ,22144,13958,63.03
20,1920,MOPSE,EQ,5235,2574,49.17
20,1921,MOQUALITY,EQ,9205,8278,89.93
20,1922,MOREALTY,EQ,505348,245566,48.59
20,1923,MOREPENLAB,EQ,2536562,969711,38.23
20,1924,MOS,SM,376000,328000,87.23
20,1925,MOSCHIP,EQ,804944,308534,38.33
20,1926,MOSERVICE,EQ,1289,1224,94.96
20,1927,MOSILVER,EQ,43123,15664,36.32
20,1928,MOSMALL250,EQ,2619624,2071829,79.09
20,1929,MOTHERSON,EQ,20814836,10214849,49.07
20,1930,MOTILALOFS,EQ,681893,366115,53.69
20,1931,MOTISONS,EQ,2241678,1117815,49.87
20,1932,MOTOGENFIN,EQ,7646,6443,84.27
20,1933,MOTOUR,EQ,21414,11033,51.52
20,1934,MOVALUE,EQ,453072,203512,44.92
20,1935,MPEL,SM,20800,17600,84.62
20,1936,MPHASIS,EQ,863296,450759,52.21
20,1937,MPSLTD,EQ,20787,12546,60.36
20,1938,MRF,EQ,12604,5591,44.36
20,1939,MRIL,SM,12800,11200,87.50
20,1940,MRPL,EQ,46357562,3110388,6.71
20,1941,MSCIADD,EQ,2392,1870,78.18
20,1942,MSCIINDIA,EQ,22638,18506,81.75
20,1943,MSPL,EQ,1084365,777162,71.67
20,1944,MSTCLTD,EQ,252264,127531,50.55
20,1945,MSUMI,EQ,11985935,6673986,55.68
20,1946,MTARTECH,EQ,183750,56291,30.63
20,1947,MTNL,EQ,1266152,553595,43.72
20,1948,MUFIN,EQ,324888,154060,47.42
20,1949,MUFTI,EQ,142049,84250,59.31
20,1950,MUKANDLTD,EQ,57619,26841,46.58
20,1951,MUKKA,EQ,177065,116110,65.57
20,1952,MUKTAARTS,EQ,4323,3811,88.16
20,1953,MULTICAP,EQ,179124,160395,89.54
20,1954,MUNISH,SM,135600,134400,99.12
20,1955,MUNJALAU,EQ,75081,34649,46.15
20,1956,MUNJALSHOW,EQ,20036,13316,66.46
20,1957,MURUDCERA,EQ,13068,9159,70.09
20,1958,MUTHOOTCAP,EQ,21106,14284,67.68
20,1959,MUTHOOTFIN,EQ,1556677,895262,57.51
20,1960,MUTHOOTMF,EQ,123765,64314,51.96
20,1961,MVGJL,EQ,69220,41258,59.60
20,1962,MVKAGRO,SM,24900,19500,78.31
20,1963,MWL,EQ,142204,75155,52.85
20,1964,MYMUDRA,SM,9600,9600,100.00
20,1965,NACLIND,EQ,497824,261886,52.61
20,1966,NAGAFERT,EQ,877652,759905,86.58
20,1967,NAGREEKCAP,EQ,3192,2351,73.65
20,1968,NAGREEKEXP,EQ,9254,8477,91.60
20,1969,NAHARCAP,EQ,25362,7818,30.83
20,1970,NAHARINDUS,EQ,38805,16857,43.44
20,1971,NAHARPOLY,EQ,9301,4587,49.32
20,1972,NAHARSPING,EQ,66393,40227,60.59
20,1973,NAM-INDIA,EQ,644988,354814,55.01
20,1974,NAMAN,SM,1092000,1092000,100.00
20,1975,NAMOEWASTE,SM,112000,104800,93.57
20,1976,NARMADA,EQ,89780,48568,54.10
20,1977,NATCAPSUQ,EQ,1167,905,77.55
20,1978,NATCOPHARM,EQ,743788,219491,29.51
20,1979,NATHBIOGEN,EQ,18824,11988,63.68
20,1980,NATIONALUM,EQ,34262576,16391243,47.84
20,1981,NAUKRI,EQ,1956522,1082799,55.34
20,1982,NAVA,EQ,229464,133689,58.26
20,1983,NAVINFLUOR,EQ,121646,56613,46.54
20,1984,NAVKARCORP,EQ,293512,174819,59.56
20,1985,NAVKARURB,EQ,780847,582040,74.54
20,1986,NAVNETEDUL,EQ,99891,56521,56.58
20,1987,NAZARA,EQ,2453644,1547962,63.09
20,1988,NBCC,EQ,13414557,4426144,33.00
20,1989,NBIFIN,EQ,196,143,72.96
20,1990,NCC,EQ,3472790,1383323,39.83
20,1991,NCLIND,EQ,82969,52498,63.27
20,1992,NDGL,EQ,33,28,84.85
20,1993,NDL,EQ,1126505,822314,73.00
20,1994,NDLVENTURE,EQ,30875,24047,77.89
20,1995,NDRAUTO,EQ,14278,7626,53.41
20,1996,NDTV,EQ,163060,83668,51.31
20,1997,NECCLTD,EQ,57064,44734,78.39
20,1998,NECLIFE,EQ,296449,202785,68.40
20,1999,NEELAM,SM,180000,180000,100.00
20,2000,NELCAST,EQ,76385,37248,48.76
20,2001,NELCO,EQ,61786,28088,45.46
20,2002,NEOCHEM,SM,16800,15600,92.86
20,2003,NEOGEN,EQ,41190,14707,35.71
20,2004,NEPHROCARE,SM,16000,10800,67.50
20,2005,NEPHROPLUS,EQ,88397,40464,45.78
20,2006,NEPTUNE,ST,4000,4000,100.00
20,2007,NESCO,EQ,103569,62994,60.82
20,2008,NESTLEIND,EQ,1395157,742031,53.19
20,2009,NETF,EQ,6422,4050,63.06
20,2010,NETWEB,EQ,715614,102905,14.38
20,2011,NETWORK18,EQ,4762061,2191643,46.02
20,2012,NEULANDLAB,EQ,37456,12984,34.66
20,2013,NEWGEN,EQ,953676,221610,23.24
20,2014,NEWJAISA,SM,27000,21000,77.78
20,2015,NEXT30ADD,EQ,34074,16007,46.98
20,2016,NEXT50,EQ,38258,25952,67.83
20,2017,NEXT50ADD,EQ,4299,2263,52.64
20,2018,NEXT50BETA,EQ,85627,30210,35.28
20,2019,NEXT50ETF,EQ,34279,26265,76.62
20,2020,NEXT50IETF,EQ,1127830,664595,58.93
20,2021,NEXTMEDIA,EQ,280581,189982,67.71
20,2022,NFL,EQ,1189586,406062,34.13
20,2023,NGIL,EQ,5524,2614,47.32
20,2024,NGLFINE,EQ,997,653,65.50
20,2025,NH,EQ,291013,187696,64.50
20,2026,NHIT,IV,175000,175000,100.00
20,2027,NHPC,EQ,19824270,8789106,44.34
20,2028,NIACL,EQ,954344,548937,57.52
20,2029,NIBE,EQ,49389,25457,51.54
20,2030,NIBL,EQ,12859,11760,91.45
20,2031,NIDAN,SM,2000,2000,100.00
20,2032,NIF100BEES,EQ,116342,71222,61.22
20,2033,NIF100IETF,EQ,275802,219708,79.66
20,2034,NIFTY1,EQ,269216,106636,39.61
20,2035,NIFTY100EW,EQ,188755,130304,69.03
20,2036,NIFTYADD,EQ,34837,19186,55.07
20,2037,NIFTYBEES,EQ,12105983,8354420,69.01
20,2038,NIFTYBETA,EQ,352528,314067,89.09
20,2039,NIFTYBETF,EQ,5935,5472,92.20
20,2040,NIFTYCASE,EQ,4870177,3765594,77.32
20,2041,NIFTYETF,EQ,1471983,1330538,90.39
20,2042,NIFTYIETF,EQ,1502201,801841,53.38
20,2043,NIFTYQLITY,EQ,23970,17556,73.24
20,2044,NIITLTD,EQ,3881237,2251552,58.01
20,2045,NIITMTS,EQ,100314,48504,48.35
20,2046,NIKITA,SM,88800,87600,98.65
20,2047,NILAINFRA,EQ,176440,117756,66.74
20,2048,NILASPACES,EQ,502627,316867,63.04
20,2049,NILKAMAL,EQ,5872,4354,74.15
20,2050,NINSYS,EQ,1586,1117,70.43
20,2051,NIPPOBATRY,EQ,6521,3081,47.25
20,2052,NIRAJ,EQ,110216,83517,75.78
20,2053,NIRMAN,ST,11100,11100,100.00
20,2054,NITCO,EQ,537868,227749,42.34
20,2055,NITINSPIN,EQ,54795,21494,39.23
20,2056,NITIRAJ,EQ,3088,2379,77.04
20,2057,NIVABUPA,EQ,489121,270927,55.39
20,2058,NKIND,EQ,252,109,43.25
20,2059,NLCINDIA,EQ,4195734,1506884,35.91
20,2060,NMDC,EQ,39390638,16932521,42.99
20,2061,NMSTEEL,SM,3200,3200,100.00
20,2062,NOCIL,EQ,534028,304893,57.09
20,2063,NOIDATOLL,EQ,144995,84614,58.36
20,2064,NORTHARC,EQ,359188,200748,55.89
20,2065,NOVAAGRI,EQ,1017586,579549,56.95
20,2066,NPBET,EQ,2168,854,39.39
20,2067,NPST,EQ,130311,33648,25.82
20,2068,NRAIL,EQ,859,404,47.03
20,2069,NRBBEARING,EQ,111745,61484,55.02
20,2070,NRL,EQ,61080,17871,29.26
20,2071,NRVANDANA,SM,63000,63000,100.00
20,2072,NSIL,EQ,3274,1971,60.20
20,2073,NSLNISP,EQ,4172072,1821463,43.66
20,2074,NTPC,EQ,20930288,13932597,66.57
20,2075,NTPCGREEN,EQ,20150451,5211142,25.86
20,2076,NUCLEUS,EQ,20286,8972,44.23
20,2077,NURECA,EQ,16740,10144,60.60
20,2078,NUVAMA,EQ,178025,76816,43.15
20,2079,NUVOCO,EQ,164410,67109,40.82
20,2080,NV20,EQ,168925,110671,65.51
20,2081,NV20BEES,EQ,16271,11290,69.39
20,2082,NV20IETF,EQ,779088,381921,49.02
20,2083,NXST,RR,421431,340883,80.89
20,2084,NYKAA,EQ,9494678,6047399,63.69
20,2085,OAL,EQ,15356,10721,69.82
20,2086,OBCL,EQ,8355,7654,91.61
20,2087,OBEROIRLTY,EQ,758939,371713,48.98
20,2088,OBSCP,SM,9600,6800,70.83
20,2089,OCCLLTD,EQ,99001,41725,42.15
20,2090,ODIGMA,EQ,7643,5875,76.87
20,2091,OFSS,EQ,200334,55925,27.92
20,2092,OIL,EQ,4106460,1732071,42.18
20,2093,OILCOUNTUB,EQ,66818,37853,56.65
20,2094,OILIETF,EQ,3130608,1911679,61.06
20,2095,OLAELEC,EQ,51124656,16703834,32.67
20,2096,OLECTRA,EQ,9112475,718563,7.89
20,2097,OLIL,SM,28000,25600,91.43
20,2098,OMAXAUTO,EQ,20778,10674,51.37
20,2099,OMAXE,EQ,63001,28698,45.55
20,2100,OMFREIGHT,EQ,36914,29911,81.03
20,2101,OMFURN,SM,28800,28800,100.00
20,2102,OMINFRAL,EQ,106047,39459,37.21
20,2103,OMNI,EQ,684033,183635,26.85
20,2104,ONDOOR,SM,600,600,100.00
20,2105,ONELIFECAP,EQ,25078,23733,94.64
20,2106,ONEPOINT,EQ,1991856,1089437,54.69
20,2107,ONESOURCE,EQ,1613767,959273,59.44
20,2108,ONGC,EQ,19436124,9944872,51.17
20,2109,ONMOBILE,EQ,168002,96824,57.63
20,2110,ONWARDTEC,EQ,44823,31020,69.21
20,2111,ONYX,SM,12000,8000,66.67
20,2112,OPTIEMUS,EQ,211712,129824,61.32
20,2113,OPTIVALUE,SM,9600,8000,83.33
20,2114,ORBTEXP,EQ,4105,2504,61.00
20,2115,ORCHASP,EQ,424400,268333,63.23
20,2116,ORCHPHARMA,EQ,68885,27774,40.32
20,2117,ORIANA,SM,34425,21075,61.22
20,2118,ORICONENT,EQ,51386,32621,63.48
20,2119,ORIENTALTL,EQ,242969,195603,80.51
20,2120,ORIENTBELL,EQ,4850,2690,55.46
20,2121,ORIENTCEM,EQ,512801,280940,54.79
20,2122,ORIENTCER,EQ,1345133,1311374,97.49
20,2123,ORIENTELEC,EQ,289866,135381,46.70
20,2124,ORIENTHOT,EQ,138334,88665,64.09
20,2125,ORIENTLTD,EQ,1613,1078,66.83
20,2126,ORIENTPPR,EQ,729691,447095,61.27
20,2127,ORIENTTECH,EQ,216711,57768,26.66
20,2128,ORISSAMINE,EQ,39160,7771,19.84
20,2129,ORKLAINDIA,EQ,100752,51564,51.18
20,2130,OSELDEVICE,SM,4400,2800,63.64
20,2131,OSIAHYPER,EQ,1166882,1166882,100.00
20,2132,OSWALAGRO,EQ,29886,17916,59.95
20,2133,OSWALGREEN,EQ,702692,331416,47.16
20,2134,OSWALPUMPS,EQ,1262230,399838,31.68
20,2135,OSWALSEEDS,EQ,12836,9594,74.74
20,2136,OWAIS,SM,1600,1600,100.00
20,2137,PACEDIGITK,EQ,388206,234887,60.51
20,2138,PAGEIND,EQ,23953,11801,49.27
20,2139,PAISALO,EQ,5406296,3213528,59.44
20,2140,PAKKA,EQ,149764,82281,54.94
20,2141,PALASHSECU,EQ,22756,21367,93.90
20,2142,PALREDTEC,EQ,9702,7744,79.82
20,2143,PANACEABIO,EQ,123565,71703,58.03
20,2144,PANAMAPET,EQ,41388,28207,68.15
20,2145,PANSARI,EQ,37720,35316,93.63
20,2146,PAR,EQ,135228,130184,96.27
20,2147,PARACABLES,EQ,612116,354764,57.96
20,2148,PARADEEP,EQ,5045620,2341166,46.40
20,2149,PARAGMILK,EQ,681428,320480,47.03
20,2150,PARAGON,SM,45600,40800,89.47
20,2151,PARAMATRIX,SM,63600,62400,98.11
20,2152,PARAMOUNT,SM,12000,9600,80.00
20,2153,PARAS,EQ,439389,151442,34.47
20,2154,PARIN,SM,16500,12500,75.76
20,2155,PARKHOSPS,EQ,698027,281705,40.36
20,2156,PARKHOTELS,EQ,967775,725627,74.98
20,2157,PARSVNATH,EQ,2870291,1286299,44.81
20,2158,PARTH,SM,45600,28800,63.16
20,2159,PASHUPATI,EQ,539,202,37.48
20,2160,PASUPTAC,EQ,42187,22590,53.55
20,2161,PATANJALI,EQ,1300103,592319,45.56
20,2162,PATELENG,EQ,6552036,2472500,37.74
20,2163,PATELRMART,EQ,94838,48736,51.39
20,2164,PATILAUTOM,SM,55800,51600,92.47
20,2165,PATINTLOG,EQ,51762,41269,79.73
20,2166,PAUSHAKLTD,EQ,34489,26535,76.94
20,2167,PAVNAIND,EQ,46443,30134,64.88
20,2168,PAYTM,EQ,2527519,1004298,39.73
20,2169,PCBL,EQ,847270,303171,35.78
20,2170,PCCL,SM,8400,8400,100.00
20,2171,PCJEWELLER,EQ,56588095,31843110,56.27
20,2172,PDMJEPAPER,EQ,127519,97428,76.40
20,2173,PDSL,EQ,135243,84155,62.23
20,2174,PEARLPOLY,EQ,26222,21726,82.85
20,2175,PELATRO,SM,1200,1200,100.00
20,2176,PENIND,EQ,810750,328466,40.51
20,2177,PENINLAND,EQ,596701,368980,61.84
20,2178,PENTAGON,SM,5000,5000,100.00
20,2179,PERFECT,SZ,24000,24000,100.00
20,2180,PERSISTENT,EQ,654131,293978,44.94
20,2181,PETRONET,EQ,10174024,4464586,43.88
20,2182,PFC,EQ,12199222,5733948,47.00
20,2183,PFIZER,EQ,6676,3732,55.90
20,2184,PFOCUS,EQ,13266651,7031104,53.00
20,2185,PFS,EQ,455234,269675,59.24
20,2186,PGEL,EQ,3262832,1026207,31.45
20,2187,PGHH,EQ,51792,33078,63.87
20,2188,PGHL,EQ,29212,14781,50.60
20,2189,PGIL,EQ,30411,11202,36.84
20,2190,PGINVIT,IV,1455925,1191561,81.84
20,2191,PHANTOMFX,SM,14100,12900,91.49
20,2192,PHARMABEES,EQ,4019866,2880532,71.66
20,2193,PHOENIXLTD,EQ,1012968,596961,58.93
20,2194,PICCADIL,EQ,138322,69931,50.56
20,2195,PIDILITIND,EQ,898444,556017,61.89
20,2196,PIGL,EQ,21737,11956,55.00
20,2197,PIIND,EQ,519308,283397,54.57
20,2198,PILANIINVS,EQ,36353,28730,79.03
20,2199,PILITA,EQ,39969,32892,82.29
20,2200,PINELABS,EQ,854221,342045,40.04
20,2201,PIONEEREMB,EQ,28439,26119,91.84
20,2202,PIRAMALFIN,EQ,437625,236033,53.93
20,2203,PITTIENG,EQ,53842,27614,51.29
20,2204,PIXTRANS,EQ,16163,5499,34.02
20,2205,PKTEA,EQ,147,147,100.00
20,2206,PLASTIBLEN,EQ,10288,6739,65.50
20,2207,PLATIND,EQ,71003,41135,57.93
20,2208,PLAZACABLE,EQ,29057,15748,54.20
20,2209,PNB,EQ,17182097,6687729,38.92
20,2210,PNBGILTS,EQ,271102,144004,53.12
20,2211,PNBHOUSING,EQ,1237594,714710,57.75
20,2212,PNC,EQ,4138,2613,63.15
20,2213,PNCINFRA,EQ,304614,148285,48.68
20,2214,PNGJL,EQ,198401,93267,47.01
20,2215,PNGSREVA,EQ,45898,33309,72.57
20,2216,POCL,EQ,169655,80654,47.54
20,2217,PODDARMENT,EQ,3395,1689,49.75
20,2218,POKARNA,EQ,40339,14843,36.80
20,2219,POLICYBZR,EQ,881630,468783,53.17
20,2220,POLYCAB,EQ,450944,251705,55.82
20,2221,POLYMED,EQ,177795,75106,42.24
20,2222,POLYPLEX,EQ,77471,49649,64.09
20,2223,POLYSIL,ST,9500,8000,84.21
20,2224,PONNIERODE,EQ,35994,18657,51.83
20,2225,POONAWALLA,EQ,2014796,1192821,59.20
20,2226,POSITRON,SM,10200,9900,97.06
20,2227,POWERGRID,EQ,28392470,18151768,63.93
20,2228,POWERINDIA,EQ,180060,80494,44.70
20,2229,POWERMECH,EQ,54126,20957,38.72
20,2230,PPAP,EQ,17452,9960,57.07
20,2231,PPL,EQ,48147,25803,53.59
20,2232,PPLPHARMA,EQ,3742561,1770286,47.30
20,2233,PPSL,SM,3000,3000,100.00
20,2234,PRABHA,EQ,92855,63310,68.18
20,2235,PRAENG,EQ,30506,22978,75.32
20,2236,PRAJIND,EQ,2020019,628660,31.12
20,2237,PRAKASH,EQ,553752,350563,63.31
20,2238,PRAKASHSTL,EQ,99864,75833,75.94
20,2239,PRAMARA,SM,31500,22000,69.84
20,2240,PRANIK,SM,11200,8000,71.43
20,2241,PRATHAM,SM,36000,26800,74.44
20,2242,PRAXIS,EQ,588658,560405,95.20
20,2243,PRECAM,EQ,262289,88954,33.91
20,2244,PRECISION,SM,22000,20000,90.91
20,2245,PRECWIRE,EQ,600587,125960,20.97
20,2246,PREMEXPLN,EQ,123879,62080,50.11
20,2247,PREMIERENE,EQ,2542018,946220,37.22
20,2248,PREMIERPOL,EQ,323119,148230,45.87
20,2249,PREMIUM,SM,3000,3000,100.00
20,2250,PRESSTONIC,ST,13600,13600,100.00
20,2251,PRESTIGE,EQ,563584,262759,46.62
20,2252,PRICOLLTD,EQ,276029,156977,56.87
20,2253,PRIMECAB,SM,51200,36800,71.88
20,2254,PRIMESECU,EQ,13258,7806,58.88
20,2255,PRIMO,EQ,271408,231166,85.17
20,2256,PRINCEPIPE,EQ,92020,41570,45.17
20,2257,PRITI,EQ,74188,67990,91.65
20,2258,PRITIKAUTO,EQ,104606,82353,78.73
20,2259,PRIVISCL,EQ,19586,9542,48.72
20,2260,PRIZOR,ST,12800,12000,93.75
20,2261,PRLIND,SM,51000,51000,100.00
20,2262,PROFX,SM,14400,14400,100.00
20,2263,PROLIFE,SM,1000,1000,100.00
20,2264,PROPEQUITY,SM,3600,3600,100.00
20,2265,PROSTARM,EQ,298793,147961,49.52
20,2266,PROTEAN,EQ,360613,183523,50.89
20,2267,PROV,SM,480,480,100.00
20,2268,PROZONER,EQ,84621,60713,71.75
20,2269,PRSMJOHNSN,EQ,89281,57356,64.24
20,2270,PRUDENT,EQ,10293,4113,39.96
20,2271,PRUDMOULI,EQ,26084,25039,95.99
20,2272,PSB,EQ,2014782,717869,35.63
20,2273,PSFL,SM,14000,14000,100.00
20,2274,PSPPROJECT,EQ,42019,28488,67.80
20,2275,PSRAJ,SM,2000,2000,100.00
20,2276,PSUBANK,EQ,52729,18277,34.66
20,2277,PSUBANKADD,EQ,67660,32296,47.73
20,2278,PSUBNKBEES,EQ,2388250,1145129,47.95
20,2279,PSUBNKIETF,EQ,246898,80340,32.54
20,2280,PTC,EQ,1167570,635276,54.41
20,2281,PTCIL,EQ,15301,7088,46.32
20,2282,PTL,EQ,9804,5228,53.33
20,2283,PULZ,SM,6000,4000,66.67
20,2284,PUNJABCHEM,EQ,5534,3207,57.95
20,2285,PURPLEUTED,SM,9000,8750,97.22
20,2286,PURVA,EQ,146130,69304,47.43
20,2287,PURVFLEXI,SM,40800,40800,100.00
20,2288,PUSHPA,SM,40000,35000,87.50
20,2289,PVP,EQ,116443,100615,86.41
20,2290,PVRINOX,EQ,446230,191586,42.93
20,2291,PVSL,EQ,20058,14628,72.93
20,2292,PVTBANIETF,EQ,4532161,3909014,86.25
20,2293,PVTBANKADD,EQ,61297,49161,80.20
20,2294,PWL,EQ,25398502,3511990,13.83
20,2295,PYRAMID,EQ,31468,22559,71.69
20,2296,QFIL,SM,7000,7000,100.00
20,2297,QGOLDHALF,EQ,143336,58627,40.90
20,2298,QMSMEDI,SM,2000,2000,100.00
20,2299,QNIFTY,EQ,2665,1240,46.53
20,2300,QPOWER,EQ,1282618,306691,23.91
20,2301,QUADFUTURE,EQ,209047,49299,23.58
20,2302,QUADPRO,SM,24000,24000,100.00
20,2303,QUAL30IETF,EQ,108481,62847,57.93
20,2304,QUALITY30,EQ,47758,35355,74.03
20,2305,QUESS,EQ,181701,110509,60.82
20,2306,QUESTLAB,ST,12000,10800,90.00
20,2307,QUICKHEAL,EQ,236516,87483,36.99
20,2308,QUICKTOUCH,SM,46500,45500,97.85
20,2309,QVCEL,SM,1600,1600,100.00
20,2310,RACE,EQ,28686,20416,71.17
20,2311,RACLGEAR,EQ,28121,9962,35.43
20,2312,RADAAN,EQ,89918,57216,63.63
20,2313,RADHIKAJWE,EQ,154454,75937,49.16
20,2314,RADIANTCMS,EQ,179966,113236,62.92
20,2315,RADICO,EQ,407415,208727,51.23
20,2316,RADIOCITY,EQ,250145,232422,92.91
20,2317,RADIOWALLA,SM,22400,20800,92.86
20,2318,RAILTEL,EQ,996603,389183,39.05
20,2319,RAIN,EQ,2242855,1105219,49.28
20,2320,RAINBOW,EQ,89133,46412,52.07
20,2321,RAJINDLTD,SM,48000,45000,93.75
20,2322,RAJMET,EQ,261266,167737,64.20
20,2323,RAJOOENG,EQ,642318,360930,56.19
20,2324,RAJPUTANA,SM,4000,3500,87.50
20,2325,RAJRATAN,EQ,53092,30580,57.60
20,2326,RAJSREESUG,EQ,113885,41146,36.13
20,2327,RAJTV,EQ,8116,6576,81.03
20,2328,RALLIS,EQ,204499,88139,43.10
20,2329,RAMANEWS,EQ,61193,45701,74.68
20,2330,RAMAPHO,EQ,69109,44828,64.87
20,2331,RAMASTEEL,EQ,10751608,3804521,35.39
20,2332,RAMCOCEM,EQ,385853,232020,60.13
20,2333,RAMCOIND,EQ,32764,16794,51.26
20,2334,RAMCOSYS,EQ,78674,35613,45.27
20,2335,RAMKY,EQ,110616,68439,61.87
20,2336,RAMRAT,EQ,66513,18417,27.69
20,2337,RANASUG,EQ,491031,205248,41.80
20,2338,RANEHOLDIN,EQ,5557,3452,62.12
20,2339,RAPIDFLEET,SM,1200,1200,100.00
20,2340,RAPPID,SM,6600,4200,63.64
20,2341,RATEGAIN,EQ,335824,211865,63.09
20,2342,RATNAMANI,EQ,16530,8767,53.04
20,2343,RATNAVEER,EQ,460877,179659,38.98
20,2344,RAYMOND,EQ,292668,80589,27.54
20,2345,RAYMONDLSL,EQ,561700,113264,20.16
20,2346,RAYMONDREL,EQ,368101,168295,45.72
20,2347,RBA,EQ,1432798,869207,60.67
20,2348,RBLBANK,EQ,2777300,929671,33.47
20,2349,RBMINFRA,SM,36400,29200,80.22
20,2350,RBS,SM,55200,46400,84.06
20,2351,RBZJEWEL,EQ,44017,21220,48.21
20,2352,RCDL,SM,96000,75000,78.13
20,2353,RCF,EQ,1291051,374340,28.99
20,2354,READYMIX,SM,61000,56000,91.80
20,2355,RECLTD,EQ,10305459,4755285,46.14
20,2356,REDINGTON,EQ,3950377,1444175,36.56
20,2357,REDTAPE,EQ,195682,87831,44.88
20,2358,REFEX,EQ,467144,187042,40.04
20,2359,REFRACTORY,SM,62000,62000,100.00
20,2360,REGAAL,EQ,426551,181738,42.61
20,2361,REGENCERAM,EQ,2096,1975,94.23
20,2362,RELAXO,EQ,119840,59525,49.67
20,2363,RELCHEMQ,EQ,899,581,64.63
20,2364,RELIABLE,EQ,8323,4792,57.58
20,2365,RELIANCE,EQ,22994918,12900815,56.10
20,2366,RELIGARE,EQ,375430,166246,44.28
20,2367,RELTD,EQ,43660,26593,60.91
20,2368,REMSONSIND,EQ,288447,126361,43.81
20,2369,REMUS,SM,2700,1900,70.37
20,2370,RENUKA,EQ,9757227,3051648,31.28
20,2371,REPCOHOME,EQ,52960,30007,56.66
20,2372,REPL,EQ,5651,3644,64.48
20,2373,REPRO,EQ,27389,21073,76.94
20,2374,RESPONIND,EQ,154087,100224,65.04
20,2375,RETAIL,EQ,1869,1758,94.06
20,2376,REXPRO,SM,9000,8000,88.89
20,2377,RGL,EQ,1659904,396836,23.91
20,2378,RHETAN,EQ,1964167,1319670,67.19
20,2379,RHIM,EQ,107864,51671,47.90
20,2380,RHL,EQ,5980,4781,79.95
20,2381,RICHA,SM,1000,1000,100.00
20,2382,RICOAUTO,EQ,1492187,272308,18.25
20,2383,RIIL,EQ,3050314,176241,5.78
20,2384,RILINFRA,SM,26900,26700,99.26
20,2385,RISHABH,EQ,16047,7454,46.45
20,2386,RITCO,EQ,34200,15906,46.51
20,2387,RITES,EQ,321658,145769,45.32
20,2388,RITEZONE,SM,19200,17600,91.67
20,2389,RKDL,EQ,22865,15614,68.29
20,2390,RKEC,EQ,35570,25330,71.21
20,2391,RKFORGE,EQ,360093,209048,58.05
20,2392,RKSWAMY,EQ,56646,35405,62.50
20,2393,RMDRIP,EQ,102999,102999,100.00
20,2394,RML,EQ,10675,6872,64.37
20,2395,RNFI,SM,15000,10800,72.00
20,2396,RNPL,SM,1200,1200,100.00
20,2397,ROCKINGDCE,ST,28500,28500,100.00
20,2398,ROHLTD,EQ,82119,52306,63.70
20,2399,ROLEXRINGS,EQ,549786,219159,39.86
20,2400,ROML,EQ,3295,1846,56.02
20,2401,ROSSARI,EQ,58294,34968,59.99
20,2402,ROSSELLIND,EQ,355416,342399,96.34
20,2403,ROSSTECH,EQ,59459,27571,46.37
20,2404,ROTO,EQ,566198,171255,30.25
20,2405,ROUTE,EQ,258049,87866,34.05
20,2406,ROXHITECH,SM,46400,36800,79.31
20,2407,RPEL,EQ,32536,19734,60.65
20,2408,RPGLIFE,EQ,9603,5856,60.98
20,2409,RPOWER,EQ,73413252,19040838,25.94
20,2410,RPPINFRA,EQ,69083,38417,55.61
20,2411,RPPL,EQ,89032,71040,79.79
20,2412,RPSGVENT,EQ,19520,11720,60.04
20,2413,RPTECH,EQ,22945,12562,54.75
20,2414,RRKABEL,EQ,143841,74340,51.68
20,2415,RSL,EQ,2516636,757791,30.11
20,2416,RSSOFTWARE,EQ,79849,58643,73.44
20,2417,RSWM,EQ,42901,23574,54.95
20,2418,RSYSTEMS,EQ,348155,63130,18.13
20,2419,RTL,SM,130000,96000,73.85
20,2420,RTNINDIA,EQ,4187292,2825330,67.47
20,2421,RTNPOWER,EQ,11982767,4595598,38.35
20,2422,RUBFILA,EQ,31413,26859,85.50
20,2423,RUBICON,EQ,84344,37552,44.52
20,2424,RUBYMILLS,EQ,17953,14038,78.19
20,2425,RUCHINFRA,EQ,84819,70108,82.66
20,2426,RUCHIRA,EQ,73403,57991,79.00
20,2427,RUDRA,EQ,43144,34455,79.86
20,2428,RULKA,SM,6900,6600,95.65
20,2429,RUPA,EQ,101748,55025,54.08
20,2430,RUSHIL,EQ,506965,367622,72.51
20,2431,RUSTOMJEE,EQ,61268,35474,57.90
20,2432,RVHL,EQ,18549,8980,48.41
20,2433,RVNL,EQ,4440790,1158624,26.09
20,2434,RVTH,EQ,4603,3312,71.95
20,2435,SAAKSHI,SM,4800,4800,100.00
20,2436,SAATVIKGL,EQ,138815,49832,35.90
20,2437,SACHEEROME,ST,16200,15000,92.59
20,2438,SADBHIN,EQ,900943,670680,74.44
20,2439,SADHAV,SM,1800,1800,100.00
20,2440,SADHNANIQ,EQ,1048152,1048152,100.00
20,2441,SAFARI,EQ,58214,27839,47.82
20,2442,SAFEENTP,SM,34000,25000,73.53
20,2443,SAGARDEEP,EQ,4933,2931,59.42
20,2444,SAGCEM,EQ,116429,71149,61.11
20,2445,SAGILITY,EQ,111655168,64121493,57.43
20,2446,SAHAJSOLAR,SM,15200,11600,76.32
20,2447,SAHANA,SM,12750,8250,64.71
20,2448,SAHASRA,SM,132800,127200,95.78
20,2449,SAHYADRI,EQ,5254,2906,55.31
20,2450,SAIFL,SM,16000,16000,100.00
20,2451,SAIL,EQ,25811397,10794545,41.82
20,2452,SAILIFE,EQ,363326,184376,50.75
20,2453,SAJHOTELS,SM,14000,14000,100.00
20,2454,SAKAR,EQ,54955,21107,38.41
20,2455,SAKHTISUG,EQ,258831,95197,36.78
20,2456,SAKSOFT,EQ,225044,120396,53.50
20,2457,SAKUMA,EQ,1443904,1007556,69.78
20,2458,SALASAR,EQ,2918335,1531915,52.49
20,2459,SALONA,EQ,162,162,100.00
20,2460,SALZERELEC,EQ,68479,33139,48.39
20,2461,SAMAY,SM,4000,4000,100.00
20,2462,SAMBHAAV,EQ,19978,16057,80.37
20,2463,SAMBHV,EQ,1261842,474688,37.62
20,2464,SAMHI,EQ,1003330,614925,61.29
20,2465,SAMMAANCAP,EQ,11983090,5819808,48.57
20,2466,SAMPANN,EQ,30581,15381,50.30
20,2467,SANATHAN,EQ,14620,10662,72.93
20,2468,SANDESH,EQ,452,243,53.76
20,2469,SANDHAR,EQ,38344,18985,49.51
20,2470,SANDUMA,EQ,1588764,397252,25.00
20,2471,SANGAMIND,EQ,3190,2366,74.17
20,2472,SANGANI,SM,7500,6000,80.00
20,2473,SANGHIIND,EQ,976151,633211,64.87
20,2474,SANGHVIMOV,EQ,339913,164811,48.49
20,2475,SANOFI,EQ,12565,6836,54.41
20,2476,SANOFICONR,EQ,4526,2026,44.76
20,2477,SANSERA,EQ,205229,79066,38.53
20,2478,SANSTAR,EQ,128901,78180,60.65
20,2479,SAPPHIRE,EQ,752560,487225,64.74
20,2480,SARDAEN,EQ,462140,224653,48.61
20,2481,SAREGAMA,EQ,269143,163177,60.63
20,2482,SARLAPOLY,EQ,57557,45155,78.45
20,2483,SAROJA,SM,3200,3200,100.00
20,2484,SARTELE,SM,196000,170000,86.73
20,2485,SARVESHWAR,EQ,6978631,3361298,48.17
20,2486,SASKEN,EQ,51287,16745,32.65
20,2487,SASTASUNDR,EQ,17992,13232,73.54
20,2488,SATECH,ST,27000,24000,88.89
20,2489,SATIA,EQ,145431,69908,48.07
20,2490,SATIN,EQ,103535,56315,54.39
20,2491,SATIPOLY,SM,34000,34000,100.00
20,2492,SATKARTAR,SM,10400,6400,61.54
20,2493,SATTVAENGG,SM,72000,70400,97.78
20,2494,SAURASHCEM,EQ,58327,37573,64.42
20,2495,SAVY,SM,26400,20400,77.27
20,2496,SAWALIYA,SM,96000,40200,41.88
20,2497,SBC,EQ,10921987,5441378,49.82
20,2498,SBCL,EQ,133628,86991,65.10
20,2499,SBFC,EQ,1533707,815507,53.17
20,2500,SBGLP,EQ,32519,26511,81.52
20,2501,SBIBPB,EQ,119822,67162,56.05
20,2502,SBICARD,EQ,2019181,995929,49.32
20,2503,SBIETFCON,EQ,6447,5112,79.29
20,2504,SBIETFIT,EQ,22586,13900,61.54
20,2505,SBIETFPB,EQ,5689,2302,40.46
20,2506,SBIETFQLTY,EQ,5573,3796,68.11
20,2507,SBILIFE,EQ,1782505,1314697,73.76
20,2508,SBILIQETF,EQ,277170,277109,99.98
20,2509,SBIMIDMOM,EQ,9603,8900,92.68
20,2510,SBIN,EQ,17748625,9830264,55.39
20,2511,SBINEQWETF,EQ,268551,249500,92.91
20,2512,SBISILVER,EQ,3899564,1062677,27.25
20,2513,SCHAEFFLER,EQ,213502,125258,58.67
20,2514,SCHAND,EQ,35451,23613,66.61
20,2515,SCI,EQ,2063216,560791,27.18
20,2516,SCILAL,EQ,351195,222435,63.34
20,2517,SCL310524,ZF,52,52,100.00
20,2518,SCL310524A,ZK,4,4,100.00
20,2519,SCLZC26,NB,25,25,100.00
20,2520,SCLZC26B,AY,8,8,100.00
20,2521,SCML,SM,3000,2000,66.67
20,2522,SCODATUBES,EQ,154702,111681,72.19
20,2523,SDBL,EQ,1607068,931259,57.95
20,2524,SDL26BEES,EQ,775,329,42.45
20,2525,SDREAMS,SM,8000,6000,75.00
20,2526,SEAMECLTD,EQ,21668,12196,56.29
20,2527,SECMARK,EQ,696,430,61.78
20,2528,SECURKLOUD,EQ,78442,47812,60.95
20,2529,SEDEMAC,EQ,96223,46834,48.67
20,2530,SEJALLTD,EQ,5245,3475,66.25
20,2531,SEL,SM,2400,2200,91.67
20,2532,SELECTIPO,EQ,9029,8242,91.28
20,2533,SELLOWRAP,SM,1600,1600,100.00
20,2534,SELMC,EQ,10934,8344,76.31
20,2535,SEMAC,EQ,3307,2604,78.74
20,2536,SENCO,EQ,424683,200996,47.33
20,2537,SENORES,EQ,60185,30500,50.68
20,2538,SENSEXADD,EQ,10045,9819,97.75
20,2539,SENSEXBETA,EQ,9703,6683,68.88
20,2540,SENSEXETF,EQ,58950,31883,54.08
20,2541,SENSEXIETF,EQ,32905,15565,47.30
20,2542,SEPC,EQ,27092324,10442065,38.54
20,2543,SERVICE,ST,4000,4000,100.00
20,2544,SERVOTECH,EQ,504096,249706,49.54
20,2545,SESHAPAPER,EQ,9478,6852,72.29
20,2546,SETCO,EQ,99317,83692,84.27
20,2547,SETF10GILT,EQ,17292,16496,95.40
20,2548,SETFGOLD,EQ,13242940,5651740,42.68
20,2549,SETFNIF50,EQ,2013002,1613232,80.14
20,2550,SETFNIFBK,EQ,80449,26548,33.00
20,2551,SETFNN50,EQ,40268,28529,70.85
20,2552,SETL,EQ,222573,116935,52.54
20,2553,SFL,EQ,48799,23395,47.94
20,2554,SFML,SM,16000,14400,90.00
20,2555,SGBAPR28I,GB,994,647,65.09
20,2556,SGBAUG27,GB,1201,683,56.87
20,2557,SGBAUG28V,GB,2802,1776,63.38
20,2558,SGBAUG29V,GB,320,215,67.19
20,2559,SGBAUG30,GB,415,234,56.39
20,2560,SGBD29VIII,GB,1003,710,70.79
20,2561,SGBDC27VII,GB,247,165,66.80
20,2562,SGBDE30III,GB,389,274,70.44
20,2563,SGBDE31III,GB,3605,1994,55.31
20,2564,SGBDEC26,GB,108,86,79.63
20,2565,SGBFEB27,GB,217,206,94.93
20,2566,SGBFEB28IX,GB,214,118,55.14
20,2567,SGBFEB29XI,GB,461,441,95.66
20,2568,SGBFEB32IV,GB,2403,1574,65.50
20,2569,SGBJ28VIII,GB,73,45,61.64
20,2570,SGBJAN27,GB,536,411,76.68
20,2571,SGBJAN29IX,GB,316,262,82.91
20,2572,SGBJAN29X,GB,303,253,83.50
20,2573,SGBJAN30IX,GB,678,410,60.47
20,2574,SGBJU29III,GB,790,633,80.13
20,2575,SGBJUL27,GB,410,348,84.88
20,2576,SGBJUL28IV,GB,1018,588,57.76
20,2577,SGBJUL29IV,GB,199,115,57.79
20,2578,SGBJUN27,GB,595,540,90.76
20,2579,SGBJUN28,GB,452,366,80.97
20,2580,SGBJUN29II,GB,440,311,70.68
20,2581,SGBJUN30,GB,77,49,63.64
20,2582,SGBJUN31I,GB,1278,743,58.14
20,2583,SGBMAR28X,GB,203,143,70.44
20,2584,SGBMAR30X,GB,78,55,70.51
20,2585,SGBMAR31IV,GB,537,466,86.78
20,2586,SGBMAY26,GB,1648,1519,92.17
20,2587,SGBMAY28,GB,917,553,60.31
20,2588,SGBMAY29I,GB,2126,1207,56.77
20,2589,SGBMR29XII,GB,943,557,59.07
20,2590,SGBN28VIII,GB,551,366,66.42
20,2591,SGBNOV26,GB,776,625,80.54
20,2592,SGBNV29VII,GB,975,518,53.13
20,2593,SGBOC28VII,GB,1825,1598,87.56
20,2594,SGBOCT26,GB,204,177,86.76
20,2595,SGBOCT27,GB,657,555,84.47
20,2596,SGBOCT27VI,GB,800,762,95.25
20,2597,SGBSEP27,GB,373,315,84.45
20,2598,SGBSEP28VI,GB,507,372,73.37
20,2599,SGBSEP29VI,GB,326,270,82.82
20,2600,SGBSEP31II,GB,1642,1020,62.12
20,2601,SGFIN,EQ,48393,22543,46.58
20,2602,SGIL,EQ,12302,8027,65.25
20,2603,SGL,EQ,30876,25200,81.62
20,2604,SGMART,EQ,75637,39397,52.09
20,2605,SHADOWFAX,EQ,685224,372255,54.33
20,2606,SHAH,EQ,1791429,1193831,66.64
20,2607,SHAHALLOYS,EQ,79488,77741,97.80
20,2608,SHAILY,EQ,1878101,726236,38.67
20,2609,SHAIVAL,ST,3600,3600,100.00
20,2610,SHAKTIPUMP,EQ,952060,312366,32.81
20,2611,SHALBY,EQ,78789,31994,40.61
20,2612,SHALPAINTS,EQ,115285,84374,73.19
20,2613,SHANKARA,EQ,52388,36372,69.43
20,2614,SHANTHALA,SM,14400,13200,91.67
20,2615,SHANTI,EQ,10403,9681,93.06
20,2616,SHANTIGEAR,EQ,16615,10633,64.00
20,2617,SHANTIGOLD,EQ,105367,47255,44.85
20,2618,SHARDACROP,EQ,202245,92978,45.97
20,2619,SHARDAMOTR,EQ,72262,58379,80.79
20,2620,SHAREINDIA,EQ,743207,311799,41.95
20,2621,SHARIABEES,EQ,5632,3924,69.67
20,2622,SHEEL,SM,84000,72000,85.71
20,2623,SHEETAL,ST,4000,4000,100.00
20,2624,SHEKHAWATI,EQ,16807,10192,60.64
20,2625,SHEMAROO,EQ,8914,8340,93.56
20,2626,SHERA,SM,96000,93000,96.88
20,2627,SHETHJI,SM,146000,120000,82.19
20,2628,SHIGAN,ST,13500,13500,100.00
20,2629,SHILCTECH,EQ,25952,10880,41.92
20,2630,SHILPAMED,EQ,239559,156214,65.21
20,2631,SHIVALIK,EQ,95789,59991,62.63
20,2632,SHIVAMAUTO,EQ,129642,107795,83.15
20,2633,SHIVAMILLS,EQ,3600,2483,68.97
20,2634,SHIVASHRIT,SM,100000,45000,45.00
20,2635,SHIVATEX,EQ,3984,3799,95.36
20,2636,SHIVAUM,EQ,3905,3001,76.85
20,2637,SHK,EQ,299961,163286,54.44
20,2638,SHKSIL,SM,70000,70000,100.00
20,2639,SHOPERSTOP,EQ,67242,41049,61.05
20,2640,SHRADHA,EQ,21848,13134,60.12
20,2641,SHREDIGCEM,EQ,291153,141896,48.74
20,2642,SHREECEM,EQ,29852,17072,57.19
20,2643,SHREEJISPG,EQ,316700,40822,12.89
20,2644,SHREEKARNI,SM,6750,6300,93.33
20,2645,SHREEOSFM,SM,15000,15000,100.00
20,2646,SHREEPUSHK,EQ,32387,15123,46.69
20,2647,SHREERAMA,EQ,130876,77940,59.55
20,2648,SHREMINVIT,IV,100000,100000,100.00
20,2649,SHREYANIND,EQ,7554,5672,75.09
20,2650,SHRIAHIMSA,SM,15600,11400,73.08
20,2651,SHRIKANHA,SM,27200,25600,94.12
20,2652,SHRINGARMS,EQ,614580,174372,28.37
20,2653,SHRIPISTON,EQ,932879,516598,55.38
20,2654,SHRIRAMFIN,EQ,28550627,16283901,57.04
20,2655,SHRIRAMPPS,EQ,837694,564644,67.40
20,2656,SHRITECH,SM,6000,4000,66.67
20,2657,SHUBHLAXMI,ST,10000,8000,80.00
20,2658,SHUBHSHREE,SM,2700,2100,77.78
20,2659,SHYAMCENT,EQ,52003,40471,77.82
20,2660,SHYAMDHANI,SM,26000,16000,61.54
20,2661,SHYAMMETL,EQ,197742,144719,73.19
20,2662,SHYAMTEL,EQ,46340,36089,77.88
20,2663,SIDDHICOTS,ST,12000,12000,100.00
20,2664,SIEMENS,EQ,336513,112611,33.46
20,2665,SIGACHI,EQ,2538822,892071,35.14
20,2666,SIGIND,EQ,15437,9378,60.75
20,2667,SIGMA,EQ,83549,49216,58.91
20,2668,SIGMAADV,EQ,251180,151939,60.49
20,2669,SIGNATURE,EQ,331676,62917,18.97
20,2670,SIGNPOST,EQ,8348,4901,58.71
20,2671,SIKKO,EQ,250594,167908,67.00
20,2672,SIL,EQ,86942,85151,97.94
20,2673,SILGO,EQ,154180,27801,18.03
20,2674,SILGOPP,E1,5498,5496,99.96
20,2675,SILINV,EQ,7739,6984,90.24
20,2676,SILKFLEX,ST,14000,14000,100.00
20,2677,SILLYMONKS,EQ,465,339,72.90
20,2678,SILVER,EQ,2732031,583085,21.34
20,2679,SILVER1,EQ,10954818,3245149,29.62
20,2680,SILVER360,EQ,93528,32674,34.93
20,2681,SILVERADD,EQ,3538773,2476020,69.97
20,2682,SILVERAG,EQ,1064298,660836,62.09
20,2683,SILVERBEES,EQ,68961100,14078532,20.42
20,2684,SILVERBETA,EQ,1106562,255777,23.11
20,2685,SILVERBND,EQ,83531,36044,43.15
20,2686,SILVERCASE,EQ,22853129,5142909,22.50
20,2687,SILVERIETF,EQ,11615477,3525128,30.35
20,2688,SILVERTUC,EQ,173563,124680,71.84
20,2689,SIMPLEXINF,EQ,232652,172864,74.30
20,2690,SINCLAIR,EQ,65615,45097,68.73
20,2691,SINDHUTRAD,EQ,538373,263304,48.91
20,2692,SINGERIND,EQ,36536,15610,42.72
20,2693,SINTERCOM,EQ,122,88,72.13
20,2694,SIRCA,EQ,171041,51325,30.01
20,2695,SIS,EQ,47405,32970,69.55
20,2696,SIYSIL,EQ,37877,19544,51.60
20,2697,SJLOGISTIC,SM,21000,13250,63.10
20,2698,SJS,EQ,71339,36309,50.90
20,2699,SJVN,EQ,9815044,4095970,41.73
20,2700,SKFINDIA,EQ,29879,16130,53.98
20,2701,SKFINDUS,EQ,11006,5878,53.41
20,2702,SKIPPER,EQ,257843,140561,54.51
20,2703,SKMEGGPROD,EQ,171824,76636,44.60
20,2704,SKP,SM,15500,13000,83.87
20,2705,SKYGOLD,EQ,337426,146352,43.37
20,2706,SLONE,SM,2800,400,14.29
20,2707,SMALL250,EQ,574374,517733,90.14
20,2708,SMALLADD,EQ,122738,97132,79.14
20,2709,SMALLCAP,EQ,2744608,1587885,57.85
20,2710,SMARTEN,SM,70800,56400,79.66
20,2711,SMARTLINK,EQ,3577,2549,71.26
20,2712,SMARTWORKS,EQ,60117,30966,51.51
20,2713,SMCGLOBAL,EQ,185316,103989,56.11
20,2714,SML100CASE,EQ,1204737,910607,75.59
20,2715,SMLMAH,EQ,93547,30453,32.55
20,2716,SMLT,EQ,10279,7992,77.75
20,2717,SMSPHARMA,EQ,491633,138808,28.23
20,2718,SNEHAA,SM,17000,12000,70.59
20,2719,SNOWMAN,EQ,238821,141871,59.40
20,2720,SNXT30BEES,EQ,7857,2816,35.84
20,2721,SNXT50BETA,EQ,5307,2732,51.48
20,2722,SOBHA,EQ,148250,49545,33.42
20,2723,SOCL,SM,8000,8000,100.00
20,2724,SOFTTECH,EQ,226,130,57.52
20,2725,SOLARA,EQ,67246,34239,50.92
20,2726,SOLARAPP1,E1,19200,19199,99.99
20,2727,SOLARINDS,EQ,156790,63980,40.81
20,2728,SOLARWORLD,EQ,159489,47544,29.81
20,2729,SOLEX,EQ,129876,37299,28.72
20,2730,SOMANYCERA,EQ,42520,12231,28.77
20,2731,SOMICONVEY,EQ,11069,6911,62.44
20,2732,SONACOMS,EQ,1298483,644983,49.67
20,2733,SONAMAC,SM,14000,12000,85.71
20,2734,SONAMLTD,EQ,62519,36569,58.49
20,2735,SONATSOFTW,EQ,414537,141163,34.05
20,2736,SONUINFRA,SM,30000,21000,70.00
20,2737,SOTL,EQ,20134,13248,65.80
20,2738,SOUTHBANK,EQ,19063663,8296248,43.52
20,2739,SOUTHWEST,EQ,125419,60880,48.54
20,2740,SPAL,EQ,10570,6137,58.06
20,2741,SPANDANA,EQ,124956,50948,40.77
20,2742,SPARC,EQ,422784,176344,41.71
20,2743,SPCENET,EQ,3723286,1111350,29.85
20,2744,SPCL,SM,36600,34200,93.44
20,2745,SPCON,ST,13200,12000,90.91
20,2746,SPEB,SM,4000,4000,100.00
20,2747,SPECIALITY,EQ,33434,21709,64.93
20,2748,SPECTRUM,EQ,7782,3238,41.61
20,2749,SPECTSTM,SM,16000,15200,95.00
20,2750,SPENCERS,EQ,300514,242792,80.79
20,2751,SPIC,EQ,579151,195387,33.74
20,2752,SPLIL,EQ,6959,6130,88.09
20,2753,SPLPETRO,EQ,64968,29702,45.72
20,2754,SPMLINFRA,EQ,255114,89517,35.09
20,2755,SPORTKING,EQ,425357,143304,33.69
20,2756,SPPPOLY,SM,4000,4000,100.00
20,2757,SPUNWEB,SM,31200,31200,100.00
20,2758,SRD,EQ,63507,35419,55.77
20,2759,SREEL,EQ,6730,5708,84.81
20,2760,SRF,EQ,676836,344744,50.93
20,2761,SRGHFL,EQ,2325,1726,74.24
20,2762,SRHHYPOLTD,EQ,13994,9541,68.18
20,2763,SRIVASAVI,SM,15000,14000,93.33
20,2764,SRM,EQ,77068,43994,57.08
20,2765,SRTL,EQ,403245,204416,50.69
20,2766,SSDL,EQ,30554,21731,71.12
20,2767,SSEGL,SM,32200,20200,62.73
20,2768,SSFL,SM,1000,1000,100.00
20,2769,SSFLPP,E1,964,891,92.43
20,2770,SSWL,EQ,435109,142071,32.65
20,2771,STALLION,EQ,809021,336795,41.63
20,2772,STANLEY,EQ,164343,117315,71.38
20,2773,STAR,EQ,246535,131189,53.21
20,2774,STARCEMENT,EQ,594496,393180,66.14
20,2775,STARHEALTH,EQ,477160,329353,69.02
20,2776,STARPAPER,EQ,12683,6558,51.71
20,2777,STARTECK,EQ,8848,420,4.75
20,2778,STCINDIA,EQ,113763,33792,29.70
20,2779,STEELCAS,EQ,48577,38789,79.85
20,2780,STEELCITY,EQ,7396,6128,82.86
20,2781,STEELXIND,EQ,867334,670936,77.36
20,2782,STEL,EQ,1678,1147,68.36
20,2783,STERTOOLS,EQ,145812,37575,25.77
20,2784,STLNETWORK,EQ,1223883,684335,55.92
20,2785,STLTECH,EQ,6524220,1835364,28.13
20,2786,STOVEKRAFT,EQ,337124,102611,30.44
20,2787,STRIDERS,SM,81600,80000,98.04
20,2788,STUDDS,EQ,19540,12586,64.41
20,2789,STUDIOLSD,SM,22000,18000,81.82
20,2790,STYL,EQ,364871,265588,72.79
20,2791,STYLAMIND,EQ,16847,12539,74.43
20,2792,STYLEBAAZA,EQ,458666,324925,70.84
20,2793,STYRENIX,EQ,17445,10229,58.64
20,2794,SUBAHOTELS,SM,68400,55200,80.70
20,2795,SUBEXLTD,EQ,2327456,834503,35.85
20,2796,SUBROS,EQ,30336,13100,43.18
20,2797,SUDARCOLOR,EQ,16519,7492,45.35
20,2798,SUDARSCHEM,EQ,233884,123244,52.69
20,2799,SUDEEPPHRM,EQ,247121,216387,87.56
20,2800,SUKHJITS,EQ,14775,3998,27.06
20,2801,SULA,EQ,355923,184128,51.73
20,2802,SUMEETINDS,EQ,100544,52641,52.36
20,2803,SUMICHEM,EQ,346351,256881,74.17
20,2804,SUMIT,EQ,113072,61475,54.37
20,2805,SUMMITSEC,EQ,6942,4136,59.58
20,2806,SUNCLAY,EQ,7977,5025,62.99
20,2807,SUNDARAM,EQ,690974,527728,76.37
20,2808,SUNDARMFIN,EQ,165943,93216,56.17
20,2809,SUNDRMBRAK,EQ,2152,1830,85.04
20,2810,SUNDRMFAST,EQ,1429028,1076773,75.35
20,2811,SUNDROP,EQ,23380,17936,76.72
20,2812,SUNFLAG,EQ,121794,56531,46.42
20,2813,SUNLITE,ST,19200,17400,90.63
20,2814,SUNPHARMA,EQ,3591446,2484862,69.19
20,2815,SUNREST,SM,3200,3200,100.00
20,2816,SUNTECH,SM,9600,6400,66.67
20,2817,SUNTECK,EQ,131668,70071,53.22
20,2818,SUNTV,EQ,385619,222713,57.75
20,2819,SUPERHOUSE,EQ,4249,2790,65.66
20,2820,SUPERSPIN,EQ,71397,58927,82.53
20,2821,SUPRAJIT,EQ,42803,22736,53.12
20,2822,SUPREME,EQ,32245,15645,48.52
20,2823,SUPREMEIND,EQ,190267,86397,45.41
20,2824,SUPREMEPWR,SM,148000,133500,90.20
20,2825,SUPRIYA,EQ,95765,49965,52.17
20,2826,SURAJEST,EQ,157780,95878,60.77
20,2827,SURAJLTD,EQ,477,301,63.10
20,2828,SURAKSHA,EQ,23057,14056,60.96
20,2829,SURANASOL,EQ,48336,32633,67.51
20,2830,SURANAT&P,EQ,51002,29441,57.73
20,2831,SURANI,SM,84600,61800,73.05
20,2832,SURYALAXMI,EQ,7147,6738,94.28
20,2833,SURYAROSNI,EQ,259309,133658,51.54
20,2834,SURYODAY,EQ,564403,369132,65.40
20,2835,SUTLEJTEX,EQ,26798,14602,54.49
20,2836,SUVEN,EQ,304790,169860,55.73
20,2837,SUVIDHAA,EQ,186915,97896,52.37
20,2838,SUYOG,EQ,23082,13142,56.94
20,2839,SUZLON,EQ,71960845,26148512,36.34
20,2840,SVLL,EQ,2399,2328,97.04
20,2841,SWANCORP,EQ,1329225,768103,57.79
20,2842,SWARAJ,ST,5000,4500,90.00
20,2843,SWARAJENG,EQ,6392,3447,53.93
20,2844,SWASTIK,SM,22800,22800,100.00
20,2845,SWELECTES,EQ,18385,9086,49.42
20,2846,SWIGGY,EQ,36778157,21070676,57.29
20,2847,SWSOLAR,EQ,1370218,657526,47.99
20,2848,SYLVANPLY,SM,4000,4000,100.00
20,2849,SYMPHONY,EQ,139106,71387,51.32
20,2850,SYNCOMF,EQ,1783634,907964,50.91
20,2851,SYNGENE,EQ,1084878,629180,58.00
20,2852,SYNOPTICS,SM,1200,1200,100.00
20,2853,SYRMA,EQ,1772628,434463,24.51
20,2854,SYSTANGO,SM,9200,6800,73.91
20,2855,SYSTMTXC,EQ,69361,18905,27.26
20,2856,TAC,SM,63200,37200,58.86
20,2857,TAINWALCHM,EQ,2802,1988,70.95
20,2858,TAJGVK,EQ,107551,65140,60.57
20,2859,TALBROAUTO,EQ,248692,95708,38.48
20,2860,TANKUP,ST,2250,2250,100.00
20,2861,TANLA,EQ,340385,157262,46.20
20,2862,TAPIFRUIT,SM,1500,1500,100.00
20,2863,TARACHAND,EQ,84138,37065,44.05
20,2864,TARAPUR,EQ,30315,19624,64.73
20,2865,TARC,EQ,767158,483078,62.97
20,2866,TARIL,EQ,4133994,784926,18.99
20,2867,TARSONS,EQ,102112,54692,53.56
20,2868,TASTYBITE,EQ,7536,4359,57.84
20,2869,TATACAP,EQ,3295475,1759775,53.40
20,2870,TATACHEM,EQ,453520,256898,56.65
20,2871,TATACOMM,EQ,269220,175743,65.28
20,2872,TATACONSUM,EQ,2095970,1410438,67.29
20,2873,TATAELXSI,EQ,826879,121958,14.75
20,2874,TATAGOLD,EQ,123915949,38672008,31.21
20,2875,TATAINVEST,EQ,329062,145876,44.33
20,2876,TATAPOWER,EQ,25154921,9108857,36.21
20,2877,TATASTEEL,EQ,46881257,20211635,43.11
20,2878,TATATECH,EQ,1210072,493571,40.79
20,2879,TATSILV,EQ,155192960,27550071,17.75
20,2880,TATVA,EQ,37414,16945,45.29
20,2881,TAURIAN,SM,7200,6400,88.89
20,2882,TBI,SM,27600,24600,89.13
20,2883,TBOTEK,EQ,64469,28356,43.98
20,2884,TBZ,EQ,170159,62833,36.93
20,2885,TCC,EQ,12829,7448,58.06
20,2886,TCI,EQ,17969,12133,67.52
20,2887,TCIEXP,EQ,26412,18347,69.46
20,2888,TCL,SM,8000,4800,60.00
20,2889,TCPLPACK,EQ,6893,4502,65.31
20,2890,TCS,EQ,4206320,2435470,57.90
20,2891,TDPOWERSYS,EQ,908057,328808,36.21
20,2892,TEAMGTY,EQ,4671,2640,56.52
20,2893,TEAMLEASE,EQ,135053,102131,75.62
20,2894,TECH,EQ,27021,22252,82.35
20,2895,TECHD,SM,10800,6000,55.56
20,2896,TECHERA,SM,40000,32800,82.00
20,2897,TECHLABS,SM,33875,21750,64.21
20,2898,TECHM,EQ,3397016,1945419,57.27
20,2899,TECHNOE,EQ,189896,92730,48.83
20,2900,TECILCHEM,EQ,1492,1389,93.10
20,2901,TEGA,EQ,1246070,756663,60.72
20,2902,TEJASCARGO,SM,14000,14000,100.00
20,2903,TEJASNET,EQ,3699413,586256,15.85
20,2904,TEMBO,EQ,63392,19534,30.81
20,2905,TENNIND,EQ,294561,120939,41.06
20,2906,TERASOFT,EQ,21337,14805,69.39
20,2907,TEXINFRA,EQ,135846,107013,78.78
20,2908,TEXMOPIPES,EQ,35786,26568,74.24
20,2909,TEXRAIL,EQ,1844383,904607,49.05
20,2910,TFCILTD,EQ,5103029,4339701,85.04
20,2911,TFL,EQ,14212,11990,84.37
20,2912,TGBHOTELS,EQ,49795,44244,88.85
20,2913,TGL,ST,6400,6400,100.00
20,2914,THANGAMAYL,EQ,101768,38974,38.30
20,2915,THEINVEST,EQ,17522,10394,59.32
20,2916,THEJO,EQ,28918,24896,86.09
20,2917,THELEELA,EQ,182898,119743,65.47
20,2918,THEMISMED,EQ,56455,33866,59.99
20,2919,THERMAX,EQ,191817,142530,74.31
20,2920,THESL,SM,6000,6000,100.00
20,2921,THOMASCOOK,EQ,2930280,790973,26.99
20,2922,THOMASCOTT,EQ,85499,22713,26.57
20,2923,THYROCARE,EQ,414102,273267,65.99
20,2924,TI,EQ,1061835,566684,53.37
20,2925,TICL,EQ,571325,228247,39.95
20,2926,TIGERLOGS,EQ,33777,18438,54.59
20,2927,TIIL,EQ,9082,5669,62.42
20,2928,TIINDIA,EQ,389938,223159,57.23
20,2929,TIL,EQ,82289,65019,79.01
20,2930,TIMESCAN,SM,2000,2000,100.00
20,2931,TIMETECHNO,EQ,3767483,1714431,45.51
20,2932,TIMKEN,EQ,28539,15936,55.84
20,2933,TINNARUBR,EQ,17723,10109,57.04
20,2934,TIPSFILMS,EQ,1416,831,58.69
20,2935,TIPSMUSIC,EQ,63367,33201,52.39
20,2936,TIRUMALCHM,EQ,488066,179742,36.83
20,2937,TIRUPATI,SM,125,125,100.00
20,2938,TIRUPATIFL,EQ,871587,491276,56.37
20,2939,TITAGARH,EQ,527597,163606,31.01
20,2940,TITAN,EQ,1019586,626637,61.46
20,2941,TMB,EQ,313734,118423,37.75
20,2942,TMCV,EQ,12096032,7307626,60.41
20,2943,TMPV,EQ,13905760,8413366,60.50
20,2944,TNIDETF,EQ,74631,42455,56.89
20,2945,TNPETRO,EQ,131899,72162,54.71
20,2946,TNPL,EQ,53961,32183,59.64
20,2947,TNTELE,EQ,9268,7115,76.77
20,2948,TOKYOPLAST,EQ,3320,2729,82.20
20,2949,TOLINS,EQ,62905,37592,59.76
20,2950,TOP100CASE,EQ,1572335,940943,59.84
20,2951,TOP10ADD,EQ,227145,187629,82.60
20,2952,TOP15IETF,EQ,96153,48374,50.31
20,2953,TOP20,EQ,36053,32851,91.12
20,2954,TORNTPHARM,EQ,269110,161462,60.00
20,2955,TORNTPOWER,EQ,564876,252589,44.72
20,2956,TOTAL,EQ,16927,13490,79.70
20,2957,TOUCHWOOD,EQ,1282,800,62.40
20,2958,TPHQ,EQ,1767029,1218476,68.96
20,2959,TPLPLASTEH,EQ,142378,11143,7.83
20,2960,TRACXN,EQ,247598,197654,79.83
20,2961,TRANSRAILL,EQ,407327,161862,39.74
20,2962,TRANSTEEL,SM,31000,24000,77.42
20,2963,TRANSWORLD,EQ,54664,26430,48.35
20,2964,TRAVELFOOD,EQ,156188,137619,88.11
20,2965,TREJHARA,EQ,6602,4876,73.86
20,2966,TREL,EQ,153006,99389,64.96
20,2967,TRENT,EQ,837217,417601,49.88
20,2968,TRF,EQ,48806,43300,88.72
20,2969,TRIDENT,EQ,13768611,3011099,21.87
20,2970,TRIDHYA,SM,270000,267000,98.89
20,2971,TRIGYN,EQ,41332,23924,57.88
20,2972,TRITURBINE,EQ,259444,151778,58.50
20,2973,TRIVENI,EQ,677475,182073,26.88
20,2974,TROM,SM,2400,1800,75.00
20,2975,TRU,EQ,107731,77735,72.16
20,2976,TRUALT,EQ,389049,245034,62.98
20,2977,TRUST,SM,41400,39600,95.65
20,2978,TSC,SM,18000,14000,77.78
20,2979,TSFINV,EQ,59500,27790,46.71
20,2980,TTKHLTCARE,EQ,3278,1938,59.12
20,2981,TTKPRESTIG,EQ,353310,149169,42.22
20,2982,TTML,EQ,10328368,4893539,47.38
20,2983,TUNWAL,SM,38000,24000,63.16
20,2984,TVSELECT,EQ,170327,42659,25.05
20,2985,TVSHLTD,EQ,10680,5685,53.23
20,2986,TVSMNCRPS,P1,11057395,10846605,98.09
20,2987,TVSMOTOR,EQ,744363,394785,53.04
20,2988,TVSSRICHAK,EQ,3751,2491,66.41
20,2989,TVTODAY,EQ,65350,47854,73.23
20,2990,TWCGOLDETF,EQ,1619,1268,78.32
20,2991,UBL,EQ,282618,168861,59.75
20,2992,UCAL,EQ,15254,12625,82.77
20,2993,UCL,ST,12000,12000,100.00
20,2994,UCOBANK,EQ,9234483,3737083,40.47
20,2995,UDS,EQ,109882,60413,54.98
20,2996,UEL,EQ,6922,3100,44.78
20,2997,UFBL,EQ,76297,35957,47.13
20,2998,UFLEX,EQ,24206,18858,77.91
20,2999,UFO,EQ,61770,34434,55.75
20,3000,UGARSUGAR,EQ,289113,114419,39.58
20,3001,UGROCAP,EQ,822430,238766,29.03
20,3002,UHTL,SM,8000,8000,100.00
20,3003,UJJIVANSFB,EQ,15280695,6453646,42.23
20,3004,ULTRACEMCO,EQ,365914,232749,63.61
20,3005,UMA,SM,36000,36000,100.00
20,3006,UMAEXPORTS,EQ,56200,39482,70.25
20,3007,UMIYA-MRO,EQ,3582,1932,53.94
20,3008,UNICHEMLAB,EQ,26057,21801,83.67
20,3009,UNIDT,EQ,19545,11336,58.00
20,3010,UNIECOM,EQ,436178,178074,40.83
20,3011,UNIENTER,EQ,6760,5480,81.07
20,3012,UNIHEALTH,ST,57000,51000,89.47
20,3013,UNIINFO,EQ,6986,4199,60.11
20,3014,UNILEX,SM,14400,12800,88.89
20,3015,UNIMECH,EQ,78855,27057,34.31
20,3016,UNIONBANK,EQ,18846899,7584507,40.24
20,3017,UNIONGOLD,EQ,4108,2520,61.34
20,3018,UNIPARTS,EQ,36547,21873,59.85
20,3019,UNITDSPR,EQ,867349,513200,59.17
20,3020,UNITECH,EQ,5216984,3505259,67.19
20,3021,UNITEDPOLY,EQ,198513,57713,29.07
20,3022,UNITEDTEA,EQ,39440,39009,98.91
20,3023,UNIVASTU,EQ,54596,38174,69.92
20,3024,UNIVCABLES,EQ,167308,48081,28.74
20,3025,UNOMINDA,EQ,1061778,659129,62.08
20,3026,UPL,EQ,4640376,2708504,58.37
20,3027,URAVIDEF,EQ,3932,2405,61.16
20,3028,URBAN,SM,12800,8000,62.50
20,3029,URBANCO,EQ,11880742,3752140,31.58
20,3030,URJA,EQ,1015596,410603,40.43
20,3031,USHAFIN,SM,38400,27200,70.83
20,3032,USHAMART,EQ,626335,358865,57.30
20,3033,UTIAMC,EQ,57359,31839,55.51
20,3034,UTKARSHBNK,EQ,4480392,2609639,58.25
20,3035,UTLSOLAR,EQ,179174,90997,50.79
20,3036,UTSSAV,SM,38400,27600,71.88
20,3037,UTTAMSUGAR,EQ,939798,209006,22.24
20,3038,UYFINCORP,EQ,161416,144153,89.31
20,3039,V2RETAIL,EQ,74556,40366,54.14
20,3040,VADILALIND,EQ,6703,3568,53.23
20,3041,VAIBHAVGBL,EQ,418996,245774,58.66
20,3042,VAISHALI,EQ,99658,72471,72.72
20,3043,VAKRANGEE,EQ,2513635,1167202,46.43
20,3044,VAL30IETF,EQ,332567,243837,73.32
20,3045,VALIANTLAB,EQ,638512,245559,38.46
20,3046,VALIANTORG,EQ,432977,77436,17.88
20,3047,VARDHACRLC,EQ,18561,15272,82.28
20,3048,VARROC,EQ,107738,65897,61.16
20,3049,VASCONEQ,EQ,718222,335921,46.77
20,3050,VASWANI,EQ,34414,19121,55.56
20,3051,VBL,EQ,5524922,3225074,58.37
20,3052,VCL,EQ,240599,224667,93.38
20,3053,VDEAL,SM,5400,3000,55.56
20,3054,VEDL,EQ,25993024,16475019,63.38
20,3055,VEEDOL,EQ,12816,6852,53.46
20,3056,VEEKAYEM,SM,1000,1000,100.00
20,3057,VELS,SM,12000,9600,80.00
20,3058,VENKEYS,EQ,86353,36252,41.98
20,3059,VENTIVE,EQ,87261,59651,68.36
20,3060,VENUSPIPES,EQ,73220,42725,58.35
20,3061,VENUSREM,EQ,37741,21047,55.77
20,3062,VERA,SM,6000,6000,100.00
20,3063,VERANDA,EQ,545238,236966,43.46
20,3064,VERITAAS,SM,14400,14400,100.00
20,3065,VERTEXPLUS,SM,1200,1200,100.00
20,3066,VERTIS,IV,575000,575000,100.00
20,3067,VERTOZ,EQ,128791,47833,37.14
20,3068,VESUVIUS,EQ,63187,41860,66.25
20,3069,VETO,EQ,82938,59318,71.52
20,3070,VGINFOTECH,SM,93000,83000,89.25
20,3071,VGL,EQ,17719,14525,81.97
20,3072,VGUARD,EQ,115492,65980,57.13
20,3073,VHL,EQ,350,274,78.29
20,3074,VICTORYEV,SM,45000,24000,53.33
20,3075,VIDHIING,EQ,12963,7918,61.08
20,3076,VIDYAWIRES,EQ,1686511,484249,28.71
20,3077,VIESL,SM,8800,4800,54.55
20,3078,VIGOR,SM,22400,17600,78.57
20,3079,VIJAYA,EQ,80135,42604,53.17
20,3080,VIJAYPD,ST,20000,16000,80.00
20,3081,VIKASECO,EQ,2119137,1272920,60.07
20,3082,VIKASLIFE,EQ,2106636,1163921,55.25
20,3083,VIKRAMSOLR,EQ,2136449,693455,32.46
20,3084,VIKRAN,EQ,2493560,956924,38.38
20,3085,VILAS,SM,17000,11750,69.12
20,3086,VILINBIO,ST,12000,12000,100.00
20,3087,VIMTALABS,EQ,165633,57372,34.64
20,3088,VINATIORGA,EQ,53182,29904,56.23
20,3089,VINCOFE,EQ,2863602,1060831,37.05
20,3090,VINDHYATEL,EQ,16042,8875,55.32
20,3091,VINEETLAB,EQ,19575,9137,46.68
20,3092,VINNY,EQ,396896,325334,81.97
20,3093,VINSYS,SM,14000,14000,100.00
20,3094,VINYAS,SM,3100,2500,80.65
20,3095,VINYLINDIA,EQ,13941,9630,69.08
20,3096,VIPCLOTHNG,EQ,167075,102557,61.38
20,3097,VIPIND,EQ,409941,208814,50.94
20,3098,VIRINCHI,EQ,195740,125892,64.32
20,3099,VISAKAIND,EQ,235124,190649,81.08
20,3100,VISAMAN,ST,96000,94000,97.92
20,3101,VISASTEEL,EQ,49448,27180,54.97
20,3102,VISHNU,EQ,52740,31756,60.21
20,3103,VISHNUINFR,SM,14000,10000,71.43
20,3104,VISHWARAJ,EQ,1772915,951373,53.66
20,3105,VISHWAS,SM,9600,9600,100.00
20,3106,VITAL,EQ,4311,4307,99.91
20,3107,VIVIANA,SM,12800,9200,71.88
20,3108,VIVIDHA,EQ,246738,196853,79.78
20,3109,VIVIMEDLAB,EQ,120090,82226,68.47
20,3110,VIVO,SM,3200,3200,100.00
20,3111,VIYASH,EQ,545603,304065,55.73
20,3112,VLEGOV,EQ,1167206,618038,52.95
20,3113,VLINFRA,SM,7500,6000,80.00
20,3114,VLSFINANCE,EQ,8348,4945,59.24
20,3115,VMARCIND,SM,21000,13250,63.10
20,3116,VMART,EQ,121990,75215,61.66
20,3117,VMM,EQ,9665825,4723106,48.86
20,3118,VMSTMT,EQ,58171,25475,43.79
20,3119,VOLERCAR,SM,12800,7200,56.25
20,3120,VOLTAMP,EQ,21269,10234,48.12
20,3121,VOLTAS,EQ,681533,258824,37.98
20,3122,VPRPL,EQ,1308041,548584,41.94
20,3123,VRAJ,EQ,26334,20621,78.31
20,3124,VRLLOG,EQ,145679,89414,61.38
20,3125,VSSL,EQ,91328,33301,36.46
20,3126,VSTIND,EQ,423732,231670,54.67
20,3127,VSTL,EQ,59227,39758,67.13
20,3128,VSTTILLERS,EQ,13240,6189,46.74
20,3129,VTL,EQ,367237,123558,33.65
20,3130,WAAREEENER,EQ,2180409,472249,21.66
20,3131,WAAREERTL,EQ,248673,95843,38.54
20,3132,WABAG,EQ,389764,133328,34.21
20,3133,WAKEFIT,EQ,482213,359860,74.63
20,3134,WALCHANNAG,EQ,877489,280349,31.95
20,3135,WCIL,EQ,69218,38431,55.52
20,3136,WEALTH,EQ,397,217,54.66
20,3137,WEBELSOLAR,EQ,59798203,8009994,13.40
20,3138,WEIZMANIND,EQ,2184,1565,71.66
20,3139,WEL,EQ,100731,62307,61.85
20,3140,WELCORP,EQ,262170,132621,50.59
20,3141,WELENT,EQ,67600,36364,53.79
20,3142,WELINV,EQ,72,53,73.61
20,3143,WELSPUNLIV,EQ,2114433,976157,46.17
20,3144,WENDT,EQ,6606,3966,60.04
20,3145,WESTLIFE,EQ,220305,47562,21.59
20,3146,WEWIN,EQ,17529,11090,63.27
20,3147,WEWORK,EQ,82753,47134,56.96
20,3148,WHEELS,EQ,147501,81290,55.11
20,3149,WHIRLPOOL,EQ,1201228,717331,59.72
20,3150,WHITEFORCE,SM,99200,97600,98.39
20,3151,WILLAMAGOR,EQ,16854,11437,67.86
20,3152,WINDLAS,EQ,17343,11552,66.61
20,3153,WINDMACHIN,EQ,82807,60443,72.99
20,3154,WINNY,SM,1000,500,50.00
20,3155,WINSOL,SM,7600,5200,68.42
20,3156,WIPL,EQ,103,102,99.03
20,3157,WIPRO,EQ,24395304,12637524,51.80
20,3158,WOCKPHARMA,EQ,412681,201477,48.82
20,3159,WOL3D,ST,4000,4000,100.00
20,3160,WOMANCART,SM,13200,7600,57.58
20,3161,WONDERLA,EQ,55926,24778,44.30
20,3162,WORTHPERI,EQ,13937,9841,70.61
20,3163,WSI,EQ,62579,41511,66.33
20,3164,WSTCSTPAPR,EQ,116015,68354,58.92
20,3165,WTICAB,SM,43000,37000,86.05
20,3166,XCHANGING,EQ,98503,48981,49.73
20,3167,XELPMOC,EQ,41538,30065,72.38
20,3168,XPROINDIA,EQ,64885,28679,44.20
20,3169,XTGLOBAL,EQ,40979,15674,38.25
20,3170,YAAP,SM,32000,21000,65.63
20,3171,YASHO,EQ,2646,948,35.83
20,3172,YASHOPTICS,SM,15200,14400,94.74
20,3173,YATHARTH,EQ,305764,135248,44.23
20,3174,YATRA,EQ,3752767,899293,23.96
20,3175,YCCL,SM,3000,3000,100.00
20,3176,YESBANK,EQ,102980717,51873139,50.37
20,3177,YUDIZ,ST,2400,1600,66.67
20,3178,YUKEN,EQ,8176,6525,79.81
20,3179,ZAGGLE,EQ,1690108,801071,47.40
20,3180,ZEAL,SM,10800,10800,100.00
20,3181,ZEEL,EQ,26483328,14690476,55.47
20,3182,ZEELEARN,EQ,905582,643398,71.05
20,3183,ZENITHDRUG,SM,12000,10400,86.67
20,3184,ZENITHEXPO,EQ,3,1,33.33
20,3185,ZENITHSTL,EQ,237905,233062,97.96
20,3186,ZENSARTECH,EQ,276140,148084,53.63
20,3187,ZENTEC,EQ,370075,141819,38.32
20,3188,ZFCVINDIA,EQ,38492,27536,71.54
20,3189,ZIMLAB,EQ,50360,25869,51.37
20,3190,ZODIAC,EQ,23395,16721,71.47
20,3191,ZODIACLOTH,EQ,22677,17463,77.01
20,3192,ZOTA,EQ,36938,20744,56.16
20,3193,ZTECH,SM,15000,8400,56.00
20,3194,ZUARI,EQ,140199,58689,41.86
20,3195,ZUARIIND,EQ,51319,31973,62.30
20,3196,ZYDUSLIFE,EQ,424095,220194,51.92
20,3197,ZYDUSWELL,EQ,620030,106297,17.14
